N_Samples	Iteration	N_Loops	Model
1	1	5569	All
2	1	7279	All
3	1	8174	All
4	1	8318	All
5	1	9080	All
6	1	10010	All
7	1	11947	All
8	1	12535	All
9	1	12924	All
10	1	13195	All
11	1	13274	All
12	1	14023	All
13	1	14679	All
14	1	15225	All
15	1	15605	All
16	1	15757	All
17	1	16474	All
1	2	3514	All
2	2	4088	All
3	2	4402	All
4	2	7045	All
5	2	7927	All
6	2	9031	All
7	2	10050	All
8	2	10715	All
9	2	11608	All
10	2	13346	All
11	2	14054	All
12	2	14617	All
13	2	14867	All
14	2	15268	All
15	2	15685	All
16	2	16403	All
17	2	16474	All
1	3	3569	All
2	3	5178	All
3	3	7498	All
4	3	8318	All
5	3	8749	All
6	3	9721	All
7	3	10728	All
8	3	11490	All
9	3	13251	All
10	3	13914	All
11	3	14760	All
12	3	15199	All
13	3	15276	All
14	3	15350	All
15	3	15957	All
16	3	16330	All
17	3	16474	All
1	4	5569	All
2	4	7279	All
3	4	8150	All
4	4	10538	All
5	4	11646	All
6	4	12240	All
7	4	12998	All
8	4	13620	All
9	4	13787	All
10	4	14485	All
11	4	15032	All
12	4	15412	All
13	4	15652	All
14	4	15724	All
15	4	16101	All
16	4	16173	All
17	4	16474	All
1	5	1286	All
2	5	4790	All
3	5	6508	All
4	5	7426	All
5	5	7559	All
6	5	8891	All
7	5	9797	All
8	5	10286	All
9	5	10473	All
10	5	11329	All
11	5	11645	All
12	5	12127	All
13	5	13141	All
14	5	14027	All
15	5	15496	All
16	5	16102	All
17	5	16474	All
1	6	5569	All
2	6	8851	All
3	6	9874	All
4	6	10840	All
5	6	11172	All
6	6	11263	All
7	6	11899	All
8	6	12292	All
9	6	12957	All
10	6	13404	All
11	6	13488	All
12	6	14082	All
13	6	14887	All
14	6	15045	All
15	6	15442	All
16	6	16077	All
17	6	16474	All
1	7	4579	All
2	7	7137	All
3	7	8519	All
4	7	9297	All
5	7	9945	All
6	7	10397	All
7	7	10507	All
8	7	11032	All
9	7	11858	All
10	7	12812	All
11	7	12989	All
12	7	13684	All
13	7	15227	All
14	7	15775	All
15	7	16005	All
16	7	16077	All
17	7	16474	All
1	8	3953	All
2	8	5832	All
3	8	7352	All
4	8	8615	All
5	8	8756	All
6	8	8864	All
7	8	9558	All
8	8	10145	All
9	8	10472	All
10	8	11653	All
11	8	11836	All
12	8	12496	All
13	8	12866	All
14	8	13773	All
15	8	14483	All
16	8	15083	All
17	8	16474	All
1	9	5569	All
2	9	7229	All
3	9	8357	All
4	9	9772	All
5	9	10143	All
6	9	10708	All
7	9	11552	All
8	9	12042	All
9	9	12430	All
10	9	12955	All
11	9	14559	All
12	9	14639	All
13	9	15211	All
14	9	15853	All
15	9	16002	All
16	9	16073	All
17	9	16474	All
1	10	5003	All
2	10	6711	All
3	10	7656	All
4	10	7801	All
5	10	8620	All
6	10	10943	All
7	10	11269	All
8	10	11753	All
9	10	12790	All
10	10	13309	All
11	10	13928	All
12	10	14092	All
13	10	14722	All
14	10	15371	All
15	10	15443	All
16	10	16173	All
17	10	16474	All
1	11	6993	All
2	11	7894	All
3	11	8678	All
4	11	9394	All
5	11	9514	All
6	11	10563	All
7	11	11689	All
8	11	12440	All
9	11	12923	All
10	11	13461	All
11	11	14160	All
12	11	14322	All
13	11	14891	All
14	11	15670	All
15	11	15901	All
16	11	16403	All
17	11	16474	All
1	12	4395	All
2	12	5708	All
3	12	7226	All
4	12	8043	All
5	12	8835	All
6	12	9754	All
7	12	10757	All
8	12	11206	All
9	12	12029	All
10	12	12119	All
11	12	12291	All
12	12	13258	All
13	12	14122	All
14	12	14771	All
15	12	16177	All
16	12	16403	All
17	12	16474	All
1	13	5569	All
2	13	6940	All
3	13	8238	All
4	13	8964	All
5	13	9953	All
6	13	10728	All
7	13	12630	All
8	13	12899	All
9	13	13083	All
10	13	13753	All
11	13	14212	All
12	13	14546	All
13	13	15229	All
14	13	15611	All
15	13	15685	All
16	13	16403	All
17	13	16474	All
1	14	4687	All
2	14	5947	All
3	14	6552	All
4	14	8455	All
5	14	8574	All
6	14	9288	All
7	14	10044	All
8	14	10159	All
9	14	11126	All
10	14	11667	All
11	14	11841	All
12	14	13575	All
13	14	14419	All
14	14	14811	All
15	14	15360	All
16	14	15880	All
17	14	16474	All
1	15	4579	All
2	15	7137	All
3	15	7663	All
4	15	8422	All
5	15	9222	All
6	15	10442	All
7	15	10998	All
8	15	11102	All
9	15	11975	All
10	15	13704	All
11	15	14163	All
12	15	14249	All
13	15	14821	All
14	15	14972	All
15	15	15296	All
16	15	15910	All
17	15	16474	All
1	16	4395	All
2	16	6372	All
3	16	7265	All
4	16	8364	All
5	16	10748	All
6	16	10857	All
7	16	11953	All
8	16	12444	All
9	16	12938	All
10	16	13105	All
11	16	13719	All
12	16	14578	All
13	16	14915	All
14	16	15553	All
15	16	15626	All
16	16	15855	All
17	16	16474	All
1	17	3514	All
2	17	5501	All
3	17	5719	All
4	17	6822	All
5	17	7682	All
6	17	8883	All
7	17	10225	All
8	17	11058	All
9	17	12850	All
10	17	12936	All
11	17	13674	All
12	17	13841	All
13	17	14287	All
14	17	14532	All
15	17	15208	All
16	17	15972	All
17	17	16474	All
1	18	1421	All
2	18	3946	All
3	18	4403	All
4	18	6654	All
5	18	8047	All
6	18	9103	All
7	18	9758	All
8	18	11039	All
9	18	12162	All
10	18	12822	All
11	18	13203	All
12	18	13657	All
13	18	13735	All
14	18	13996	All
15	18	14655	All
16	18	16073	All
17	18	16474	All
1	19	1421	All
2	19	4031	All
3	19	4899	All
4	19	8606	All
5	19	8725	All
6	19	9648	All
7	19	10570	All
8	19	10761	All
9	19	11914	All
10	19	12418	All
11	19	12876	All
12	19	13607	All
13	19	14195	All
14	19	14992	All
15	19	15643	All
16	19	16173	All
17	19	16474	All
1	20	4579	All
2	20	6503	All
3	20	7018	All
4	20	8275	All
5	20	8915	All
6	20	10296	All
7	20	11425	All
8	20	12219	All
9	20	12692	All
10	20	12866	All
11	20	14459	All
12	20	14860	All
13	20	15295	All
14	20	15368	All
15	20	16005	All
16	20	16403	All
17	20	16474	All
1	21	4395	All
2	21	6120	All
3	21	8098	All
4	21	8649	All
5	21	9774	All
6	21	9897	All
7	21	10800	All
8	21	12690	All
9	21	13572	All
10	21	13995	All
11	21	14453	All
12	21	15094	All
13	21	15175	All
14	21	15720	All
15	21	15867	All
16	21	16249	All
17	21	16474	All
1	22	3569	All
2	22	3946	All
3	22	6895	All
4	22	7776	All
5	22	7904	All
6	22	8134	All
7	22	10592	All
8	22	11388	All
9	22	12239	All
10	22	13032	All
11	22	13555	All
12	22	13907	All
13	22	14171	All
14	22	14975	All
15	22	15365	All
16	22	15910	All
17	22	16474	All
1	23	6993	All
2	23	7170	All
3	23	8160	All
4	23	9681	All
5	23	9919	All
6	23	10426	All
7	23	11045	All
8	23	11857	All
9	23	12635	All
10	23	13174	All
11	23	13444	All
12	23	13529	All
13	23	14375	All
14	23	14781	All
15	23	15437	All
16	23	15972	All
17	23	16474	All
1	24	1286	All
2	24	4235	All
3	24	6300	All
4	24	7713	All
5	24	9328	All
6	24	9543	All
7	24	10573	All
8	24	11226	All
9	24	11323	All
10	24	11875	All
11	24	13595	All
12	24	14001	All
13	24	14577	All
14	24	15373	All
15	24	15677	All
16	24	16249	All
17	24	16474	All
1	25	3569	All
2	25	6713	All
3	25	7498	All
4	25	8690	All
5	25	9389	All
6	25	10040	All
7	25	10155	All
8	25	10850	All
9	25	11736	All
10	25	12450	All
11	25	13079	All
12	25	13963	All
13	25	14121	All
14	25	14199	All
15	25	14845	All
16	25	15083	All
17	25	16474	All
1	26	5722	All
2	26	7028	All
3	26	7829	All
4	26	8942	All
5	26	9621	All
6	26	10489	All
7	26	12378	All
8	26	12464	All
9	26	13241	All
10	26	13695	All
11	26	13957	All
12	26	14034	All
13	26	14611	All
14	26	14761	All
15	26	15106	All
16	26	15880	All
17	26	16474	All
1	27	3645	All
2	27	5499	All
3	27	6089	All
4	27	7515	All
5	27	8735	All
6	27	9593	All
7	27	10873	All
8	27	11727	All
9	27	11824	All
10	27	12239	All
11	27	12322	All
12	27	13963	All
13	27	14782	All
14	27	15182	All
15	27	15823	All
16	27	16330	All
17	27	16474	All
1	28	6993	All
2	28	8321	All
3	28	9525	All
4	28	9653	All
5	28	10695	All
6	28	11265	All
7	28	12296	All
8	28	12388	All
9	28	12566	All
10	28	13480	All
11	28	14133	All
12	28	14530	All
13	28	14987	All
14	28	15304	All
15	28	15719	All
16	28	15951	All
17	28	16474	All
1	29	3645	All
2	29	5206	All
3	29	6758	All
4	29	7704	All
5	29	8124	All
6	29	9195	All
7	29	10527	All
8	29	11663	All
9	29	12490	All
10	29	12870	All
11	29	13567	All
12	29	13650	All
13	29	13813	All
14	29	14473	All
15	29	14546	All
16	29	15083	All
17	29	16474	All
1	30	3645	All
2	30	5972	All
3	30	8150	All
4	30	8271	All
5	30	8516	All
6	30	9130	All
7	30	10123	All
8	30	10483	All
9	30	11437	All
10	30	12462	All
11	30	12975	All
12	30	13562	All
13	30	13981	All
14	30	15495	All
15	30	15570	All
16	30	16102	All
17	30	16474	All
1	31	3569	All
2	31	5206	All
3	31	7701	All
4	31	8887	All
5	31	9800	All
6	31	10395	All
7	31	11277	All
8	31	12297	All
9	31	12383	All
10	31	14035	All
11	31	14731	All
12	31	15293	All
13	31	15722	All
14	31	16028	All
15	31	16103	All
16	31	16330	All
17	31	16474	All
1	32	3953	All
2	32	5382	All
3	32	5976	All
4	32	7284	All
5	32	10010	All
6	32	11206	All
7	32	11402	All
8	32	12102	All
9	32	12505	All
10	32	13410	All
11	32	14066	All
12	32	14147	All
13	32	14803	All
14	32	15236	All
15	32	15313	All
16	32	15855	All
17	32	16474	All
1	33	1421	All
2	33	4031	All
3	33	5430	All
4	33	7338	All
5	33	8522	All
6	33	9107	All
7	33	10157	All
8	33	10261	All
9	33	10836	All
10	33	11933	All
11	33	12478	All
12	33	13174	All
13	33	13436	All
14	33	13593	All
15	33	14269	All
16	33	15739	All
17	33	16474	All
1	34	1651	All
2	34	4855	All
3	34	6641	All
4	34	6788	All
5	34	7264	All
6	34	8412	All
7	34	9856	All
8	34	9962	All
9	34	10889	All
10	34	12799	All
11	34	13286	All
12	34	13948	All
13	34	14763	All
14	34	15157	All
15	34	15797	All
16	34	16173	All
17	34	16474	All
1	35	1651	All
2	35	5034	All
3	35	5739	All
4	35	7873	All
5	35	10407	All
6	35	11025	All
7	35	11886	All
8	35	12587	All
9	35	13507	All
10	35	13991	All
11	35	14321	All
12	35	14719	All
13	35	15323	All
14	35	15710	All
15	35	16332	All
16	35	16403	All
17	35	16474	All
1	36	4687	All
2	36	8359	All
3	36	9051	All
4	36	10397	All
5	36	11293	All
6	36	11869	All
7	36	12368	All
8	36	13019	All
9	36	13893	All
10	36	14302	All
11	36	14981	All
12	36	15409	All
13	36	15488	All
14	36	16028	All
15	36	16103	All
16	36	16330	All
17	36	16474	All
1	37	2451	All
2	37	5270	All
3	37	7233	All
4	37	7382	All
5	37	8263	All
6	37	9756	All
7	37	10679	All
8	37	11153	All
9	37	12937	All
10	37	13446	All
11	37	13527	All
12	37	14361	All
13	37	14753	All
14	37	15393	All
15	37	15547	All
16	37	16073	All
17	37	16474	All
1	38	3514	All
2	38	5313	All
3	38	5939	All
4	38	6259	All
5	38	8216	All
6	38	9307	All
7	38	10260	All
8	38	12250	All
9	38	12986	All
10	38	13752	All
11	38	13828	All
12	38	14256	All
13	38	14333	All
14	38	14779	All
15	38	15547	All
16	38	16073	All
17	38	16474	All
1	39	2451	All
2	39	6258	All
3	39	7331	All
4	39	8320	All
5	39	10723	All
6	39	11813	All
7	39	12489	All
8	39	12574	All
9	39	13018	All
10	39	13456	All
11	39	13817	All
12	39	14392	All
13	39	14548	All
14	39	15160	All
15	39	15234	All
16	39	15880	All
17	39	16474	All
1	40	3569	All
2	40	6761	All
3	40	7506	All
4	40	8816	All
5	40	9488	All
6	40	11602	All
7	40	12309	All
8	40	12397	All
9	40	12948	All
10	40	13553	All
11	40	14204	All
12	40	14370	All
13	40	14449	All
14	40	14698	All
15	40	15134	All
16	40	15757	All
17	40	16474	All
1	41	6993	All
2	41	7933	All
3	41	8956	All
4	41	9643	All
5	41	9759	All
6	41	10666	All
7	41	11003	All
8	41	11191	All
9	41	12311	All
10	41	12393	All
11	41	13047	All
12	41	13505	All
13	41	14210	All
14	41	14777	All
15	41	15104	All
16	41	15757	All
17	41	16474	All
1	42	3953	All
2	42	5970	All
3	42	7939	All
4	42	9057	All
5	42	10076	All
6	42	10710	All
7	42	11554	All
8	42	11658	All
9	42	11845	All
10	42	12326	All
11	42	12598	All
12	42	14235	All
13	42	14586	All
14	42	15260	All
15	42	16002	All
16	42	16073	All
17	42	16474	All
1	43	4579	All
2	43	8321	All
3	43	9525	All
4	43	10799	All
5	43	11387	All
6	43	11889	All
7	43	12580	All
8	43	12852	All
9	43	13380	All
10	43	13548	All
11	43	13628	All
12	43	14357	All
13	43	15158	All
14	43	15735	All
15	43	15810	All
16	43	16113	All
17	43	16474	All
1	44	3514	All
2	44	5856	All
3	44	7567	All
4	44	7705	All
5	44	8535	All
6	44	9179	All
7	44	10475	All
8	44	11246	All
9	44	12058	All
10	44	12579	All
11	44	12663	All
12	44	13574	All
13	44	13833	All
14	44	15340	All
15	44	15763	All
16	44	15910	All
17	44	16474	All
1	45	1421	All
2	45	7203	All
3	45	8080	All
4	45	8342	All
5	45	9146	All
6	45	9760	All
7	45	10500	All
8	45	11435	All
9	45	11750	All
10	45	12561	All
11	45	13190	All
12	45	13660	All
13	45	13740	All
14	45	14392	All
15	45	15198	All
16	45	15951	All
17	45	16474	All
1	46	4527	All
2	46	5856	All
3	46	6036	All
4	46	7573	All
5	46	8387	All
6	46	8612	All
7	46	9614	All
8	46	10561	All
9	46	10884	All
10	46	12020	All
11	46	12552	All
12	46	12999	All
13	46	14607	All
14	46	15013	All
15	46	15667	All
16	46	16403	All
17	46	16474	All
1	47	4395	All
2	47	5708	All
3	47	7821	All
4	47	8807	All
5	47	8926	All
6	47	9629	All
7	47	10240	All
8	47	12240	All
9	47	12913	All
10	47	13182	All
11	47	13901	All
12	47	14609	All
13	47	14686	All
14	47	15288	All
15	47	16026	All
16	47	16173	All
17	47	16474	All
1	48	3645	All
2	48	5932	All
3	48	7032	All
4	48	8769	All
5	48	8886	All
6	48	9024	All
7	48	9393	All
8	48	11558	All
9	48	12265	All
10	48	13088	All
11	48	13596	All
12	48	14433	All
13	48	14764	All
14	48	15389	All
15	48	15967	All
16	48	16113	All
17	48	16474	All
1	49	4579	All
2	49	7086	All
3	49	8005	All
4	49	9114	All
5	49	9238	All
6	49	10533	All
7	49	10724	All
8	49	11323	All
9	49	11634	All
10	49	12417	All
11	49	12498	All
12	49	12953	All
13	49	13390	All
14	49	13732	All
15	49	14407	All
16	49	15083	All
17	49	16474	All
1	50	4687	All
2	50	7284	All
3	50	8441	All
4	50	9291	All
5	50	9877	All
6	50	10222	All
7	50	10325	All
8	50	11262	All
9	50	11445	All
10	50	12259	All
11	50	13930	All
12	50	14363	All
13	50	14796	All
14	50	15589	All
15	50	16102	All
16	50	16403	All
17	50	16474	All
1	51	3514	All
2	51	6527	All
3	51	7918	All
4	51	8178	All
5	51	8911	All
6	51	9938	All
7	51	11982	All
8	51	12937	All
9	51	13612	All
10	51	14044	All
11	51	14125	All
12	51	14595	All
13	51	14835	All
14	51	15369	All
15	51	15783	All
16	51	16403	All
17	51	16474	All
1	52	1651	All
2	52	4175	All
3	52	5025	All
4	52	5271	All
5	52	5443	All
6	52	6514	All
7	52	7950	All
8	52	8859	All
9	52	9889	All
10	52	10511	All
11	52	11480	All
12	52	12532	All
13	52	13206	All
14	52	13917	All
15	52	14762	All
16	52	16173	All
17	52	16474	All
1	53	4687	All
2	53	5972	All
3	53	6299	All
4	53	7668	All
5	53	8400	All
6	53	9350	All
7	53	10038	All
8	53	10128	All
9	53	10451	All
10	53	12419	All
11	53	13207	All
12	53	14098	All
13	53	14673	All
14	53	15013	All
15	53	15782	All
16	53	16403	All
17	53	16474	All
1	54	3953	All
2	54	5970	All
3	54	7032	All
4	54	8331	All
5	54	8561	All
6	54	10032	All
7	54	10603	All
8	54	11533	All
9	54	11837	All
10	54	12249	All
11	54	13942	All
12	54	14410	All
13	54	15055	All
14	54	15803	All
15	54	15877	All
16	54	16403	All
17	54	16474	All
1	55	3953	All
2	55	4748	All
3	55	5939	All
4	55	6259	All
5	55	9373	All
6	55	10042	All
7	55	11075	All
8	55	11170	All
9	55	11807	All
10	55	12473	All
11	55	13132	All
12	55	14030	All
13	55	14838	All
14	55	14915	All
15	55	15539	All
16	55	16113	All
17	55	16474	All
1	56	2451	All
2	56	3178	All
3	56	7869	All
4	56	8726	All
5	56	10176	All
6	56	10980	All
7	56	11489	All
8	56	12019	All
9	56	12746	All
10	56	13295	All
11	56	14013	All
12	56	14710	All
13	56	15045	All
14	56	15803	All
15	56	16332	All
16	56	16403	All
17	56	16474	All
1	57	1651	All
2	57	7332	All
3	57	9149	All
4	57	10055	All
5	57	10175	All
6	57	10866	All
7	57	11654	All
8	57	12161	All
9	57	12820	All
10	57	13584	All
11	57	13945	All
12	57	14628	All
13	57	15398	All
14	57	15472	All
15	57	15704	All
16	57	16113	All
17	57	16474	All
1	58	3569	All
2	58	4524	All
3	58	4761	All
4	58	6668	All
5	58	7943	All
6	58	9256	All
7	58	10595	All
8	58	11098	All
9	58	11829	All
10	58	12331	All
11	58	12861	All
12	58	13028	All
13	58	13506	All
14	58	15033	All
15	58	15106	All
16	58	15739	All
17	58	16474	All
1	59	4395	All
2	59	4673	All
3	59	6730	All
4	59	7256	All
5	59	8517	All
6	59	9937	All
7	59	10424	All
8	59	11150	All
9	59	11716	All
10	59	12696	All
11	59	13158	All
12	59	13323	All
13	59	13747	All
14	59	15268	All
15	59	15808	All
16	59	15880	All
17	59	16474	All
1	60	5722	All
2	60	7284	All
3	60	8441	All
4	60	9291	All
5	60	10326	All
6	60	11079	All
7	60	12110	All
8	60	12597	All
9	60	13103	All
10	60	13268	All
11	60	13533	All
12	60	13887	All
13	60	15358	All
14	60	15434	All
15	60	15509	All
16	60	16113	All
17	60	16474	All
1	61	4687	All
2	61	5119	All
3	61	6673	All
4	61	7852	All
5	61	9407	All
6	61	9533	All
7	61	11655	All
8	61	12362	All
9	61	12837	All
10	61	13297	All
11	61	14133	All
12	61	14211	All
13	61	14655	All
14	61	14992	All
15	61	15626	All
16	61	16249	All
17	61	16474	All
1	62	5569	All
2	62	5844	All
3	62	6996	All
4	62	8301	All
5	62	9014	All
6	62	9241	All
7	62	9760	All
8	62	10587	All
9	62	11691	All
10	62	12519	All
11	62	12810	All
12	62	14454	All
13	62	15071	All
14	62	15622	All
15	62	15694	All
16	62	16073	All
17	62	16474	All
1	63	3569	All
2	63	3946	All
3	63	6940	All
4	63	7847	All
5	63	8928	All
6	63	11118	All
7	63	11439	All
8	63	12219	All
9	63	13004	All
10	63	13081	All
11	63	13831	All
12	63	14196	All
13	63	14998	All
14	63	15438	All
15	63	15588	All
16	63	15972	All
17	63	16474	All
1	64	3645	All
2	64	6820	All
3	64	7904	All
4	64	8049	All
5	64	8787	All
6	64	9329	All
7	64	10140	All
8	64	10338	All
9	64	11288	All
10	64	12308	All
11	64	13019	All
12	64	13713	All
13	64	13971	All
14	64	14048	All
15	64	15509	All
16	64	16113	All
17	64	16474	All
1	65	4687	All
2	65	5459	All
3	65	7771	All
4	65	8038	All
5	65	9296	All
6	65	9405	All
7	65	10057	All
8	65	10844	All
9	65	11438	All
10	65	12456	All
11	65	13189	All
12	65	14759	All
13	65	15138	All
14	65	15213	All
15	65	15536	All
16	65	15951	All
17	65	16474	All
1	66	3569	All
2	66	6761	All
3	66	7972	All
4	66	8717	All
5	66	9737	All
6	66	10408	All
7	66	10505	All
8	66	11116	All
9	66	11224	All
10	66	11516	All
11	66	12375	All
12	66	12548	All
13	66	13475	All
14	66	13809	All
15	66	15365	All
16	66	15951	All
17	66	16474	All
1	67	5569	All
2	67	7408	All
3	67	8657	All
4	67	9390	All
5	67	10063	All
6	67	10607	All
7	67	10703	All
8	67	11024	All
9	67	11772	All
10	67	12758	All
11	67	13153	All
12	67	13647	All
13	67	13729	All
14	67	13890	All
15	67	14450	All
16	67	15880	All
17	67	16474	All
1	68	3514	All
2	68	3919	All
3	68	4402	All
4	68	8325	All
5	68	9847	All
6	68	9954	All
7	68	10571	All
8	68	11098	All
9	68	12175	All
10	68	12473	All
11	68	12933	All
12	68	13560	All
13	68	14286	All
14	68	14948	All
15	68	15547	All
16	68	15972	All
17	68	16474	All
1	69	2451	All
2	69	3027	All
3	69	3387	All
4	69	5614	All
5	69	7741	All
6	69	8499	All
7	69	9513	All
8	69	10454	All
9	69	11018	All
10	69	11730	All
11	69	12515	All
12	69	12886	All
13	69	13643	All
14	69	13809	All
15	69	14645	All
16	69	15083	All
17	69	16474	All
1	70	3953	All
2	70	6828	All
3	70	7111	All
4	70	8129	All
5	70	8710	All
6	70	9760	All
7	70	9862	All
8	70	10629	All
9	70	11220	All
10	70	11991	All
11	70	12277	All
12	70	12731	All
13	70	13460	All
14	70	15013	All
15	70	15088	All
16	70	15739	All
17	70	16474	All
1	71	3645	All
2	71	7985	All
3	71	9126	All
4	71	10538	All
5	71	10745	All
6	71	11090	All
7	71	11830	All
8	71	12635	All
9	71	12729	All
10	71	12808	All
11	71	13334	All
12	71	13948	All
13	71	14370	All
14	71	15048	All
15	71	15368	All
16	71	16102	All
17	71	16474	All
1	72	1421	All
2	72	4697	All
3	72	5421	All
4	72	7607	All
5	72	8209	All
6	72	8460	All
7	72	9361	All
8	72	10056	All
9	72	12149	All
10	72	12959	All
11	72	13648	All
12	72	14328	All
13	72	14903	All
14	72	15660	All
15	72	16030	All
16	72	16403	All
17	72	16474	All
1	73	4733	All
2	73	5173	All
3	73	6899	All
4	73	7041	All
5	73	7492	All
6	73	7639	All
7	73	8424	All
8	73	9508	All
9	73	11673	All
10	73	12431	All
11	73	12929	All
12	73	13886	All
13	73	14592	All
14	73	14932	All
15	73	15694	All
16	73	16073	All
17	73	16474	All
1	74	3645	All
2	74	5932	All
3	74	7431	All
4	74	8397	All
5	74	8986	All
6	74	10326	All
7	74	10916	All
8	74	11816	All
9	74	11907	All
10	74	12087	All
11	74	13042	All
12	74	14629	All
13	74	15190	All
14	74	15270	All
15	74	15886	All
16	74	16113	All
17	74	16474	All
1	75	4687	All
2	75	5459	All
3	75	7370	All
4	75	8211	All
5	75	9733	All
6	75	10359	All
7	75	10459	All
8	75	10560	All
9	75	12460	All
10	75	12889	All
11	75	13504	All
12	75	14121	All
13	75	14276	All
14	75	14963	All
15	75	15416	All
16	75	16173	All
17	75	16474	All
1	76	3953	All
2	76	4316	All
3	76	5553	All
4	76	7352	All
5	76	9998	All
6	76	10820	All
7	76	11893	All
8	76	12852	All
9	76	13035	All
10	76	13661	All
11	76	14303	All
12	76	14700	All
13	76	14777	All
14	76	15425	All
15	76	15840	All
16	76	16073	All
17	76	16474	All
1	77	3569	All
2	77	5382	All
3	77	7094	All
4	77	7968	All
5	77	9089	All
6	77	9198	All
7	77	10180	All
8	77	10504	All
9	77	11684	All
10	77	11861	All
11	77	12907	All
12	77	13292	All
13	77	13883	All
14	77	14333	All
15	77	15783	All
16	77	16403	All
17	77	16474	All
1	78	2451	All
2	78	5459	All
3	78	5699	All
4	78	5876	All
5	78	6844	All
6	78	7731	All
7	78	7961	All
8	78	10541	All
9	78	11280	All
10	78	12005	All
11	78	12684	All
12	78	13159	All
13	78	13552	All
14	78	14269	All
15	78	14967	All
16	78	15757	All
17	78	16474	All
1	79	4395	All
2	79	5708	All
3	79	6589	All
4	79	9529	All
5	79	10175	All
6	79	10774	All
7	79	10876	All
8	79	11700	All
9	79	11884	All
10	79	12717	All
11	79	13356	All
12	79	13952	All
13	79	14215	All
14	79	14293	All
15	79	14967	All
16	79	15757	All
17	79	16474	All
1	80	4687	All
2	80	5459	All
3	80	6590	All
4	80	8211	All
5	80	10633	All
6	80	10732	All
7	80	11245	All
8	80	11339	All
9	80	12050	All
10	80	12640	All
11	80	13580	All
12	80	14002	All
13	80	14668	All
14	80	15074	All
15	80	15231	All
16	80	15757	All
17	80	16474	All
1	81	3514	All
2	81	5670	All
3	81	7732	All
4	81	8512	All
5	81	9542	All
6	81	10209	All
7	81	11193	All
8	81	11782	All
9	81	11971	All
10	81	12456	All
11	81	13170	All
12	81	13433	All
13	81	13518	All
14	81	14196	All
15	81	15685	All
16	81	15757	All
17	81	16474	All
1	82	1651	All
2	82	4088	All
3	82	6461	All
4	82	9435	All
5	82	10384	All
6	82	10989	All
7	82	11499	All
8	82	12116	All
9	82	12789	All
10	82	13738	All
11	82	13817	All
12	82	14085	All
13	82	14513	All
14	82	15287	All
15	82	15808	All
16	82	15880	All
17	82	16474	All
1	83	4527	All
2	83	4811	All
3	83	6075	All
4	83	7027	All
5	83	7280	All
6	83	7413	All
7	83	9161	All
8	83	9837	All
9	83	11069	All
10	83	12851	All
11	83	13482	All
12	83	14212	All
13	83	14602	All
14	83	15213	All
15	83	15645	All
16	83	15880	All
17	83	16474	All
1	84	1651	All
2	84	4088	All
3	84	6461	All
4	84	8337	All
5	84	9388	All
6	84	9495	All
7	84	10727	All
8	84	11324	All
9	84	11805	All
10	84	12576	All
11	84	13049	All
12	84	14625	All
13	84	14702	All
14	84	15309	All
15	84	15547	All
16	84	16073	All
17	84	16474	All
1	85	3645	All
2	85	5932	All
3	85	7537	All
4	85	8325	All
5	85	8916	All
6	85	9575	All
7	85	10630	All
8	85	11243	All
9	85	12029	All
10	85	12202	All
11	85	12284	All
12	85	12564	All
13	85	13511	All
14	85	14364	All
15	85	15004	All
16	85	15083	All
17	85	16474	All
1	86	4733	All
2	86	6134	All
3	86	8135	All
4	86	8716	All
5	86	9615	All
6	86	10574	All
7	86	11489	All
8	86	11782	All
9	86	11878	All
10	86	12341	All
11	86	12426	All
12	86	12935	All
13	86	14540	All
14	86	14694	All
15	86	15150	All
16	86	15910	All
17	86	16474	All
1	87	4579	All
2	87	5901	All
3	87	6769	All
4	87	7757	All
5	87	8549	All
6	87	9619	All
7	87	10272	All
8	87	10374	All
9	87	10569	All
10	87	10885	All
11	87	12005	All
12	87	12831	All
13	87	12918	All
14	87	14585	All
15	87	15198	All
16	87	15951	All
17	87	16474	All
1	88	6993	All
2	88	7985	All
3	88	8464	All
4	88	9654	All
5	88	10731	All
6	88	10830	All
7	88	11505	All
8	88	12265	All
9	88	12669	All
10	88	13585	All
11	88	13995	All
12	88	14565	All
13	88	15123	All
14	88	15198	All
15	88	15957	All
16	88	16102	All
17	88	16474	All
1	89	5569	All
2	89	7279	All
3	89	7417	All
4	89	8504	All
5	89	9870	All
6	89	10865	All
7	89	11709	All
8	89	12207	All
9	89	12723	All
10	89	13407	All
11	89	13823	All
12	89	15307	All
13	89	15619	All
14	89	15773	All
15	89	16175	All
16	89	16249	All
17	89	16474	All
1	90	5003	All
2	90	5414	All
3	90	6854	All
4	90	8219	All
5	90	8968	All
6	90	9342	All
7	90	9854	All
8	90	10632	All
9	90	11168	All
10	90	12007	All
11	90	13783	All
12	90	14385	All
13	90	15193	All
14	90	15611	All
15	90	15683	All
16	90	15757	All
17	90	16474	All
1	91	1286	All
2	91	5265	All
3	91	6730	All
4	91	7558	All
5	91	9170	All
6	91	9814	All
7	91	10016	All
8	91	10920	All
9	91	11019	All
10	91	11726	All
11	91	12118	All
12	91	12405	All
13	91	13159	All
14	91	13640	All
15	91	14483	All
16	91	15083	All
17	91	16474	All
1	92	4733	All
2	92	5471	All
3	92	5836	All
4	92	6794	All
5	92	8363	All
6	92	9088	All
7	92	9204	All
8	92	9959	All
9	92	10528	All
10	92	11125	All
11	92	11214	All
12	92	11988	All
13	92	12993	All
14	92	13888	All
15	92	14546	All
16	92	15083	All
17	92	16474	All
1	93	4687	All
2	93	5459	All
3	93	5808	All
4	93	6875	All
5	93	7699	All
6	93	8743	All
7	93	9855	All
8	93	11975	All
9	93	12653	All
10	93	12739	All
11	93	12818	All
12	93	13467	All
13	93	14370	All
14	93	14705	All
15	93	15104	All
16	93	15757	All
17	93	16474	All
1	94	3645	All
2	94	5499	All
3	94	5725	All
4	94	6041	All
5	94	6576	All
6	94	7897	All
7	94	8551	All
8	94	8664	All
9	94	9332	All
10	94	11584	All
11	94	12414	All
12	94	13369	All
13	94	14040	All
14	94	14632	All
15	94	15305	All
16	94	15739	All
17	94	16474	All
1	95	3569	All
2	95	3946	All
3	95	6107	All
4	95	6416	All
5	95	6961	All
6	95	8427	All
7	95	9158	All
8	95	9717	All
9	95	10338	All
10	95	10436	All
11	95	11603	All
12	95	12392	All
13	95	12918	All
14	95	13593	All
15	95	15150	All
16	95	15739	All
17	95	16474	All
1	96	4579	All
2	96	4849	All
3	96	7302	All
4	96	8515	All
5	96	9309	All
6	96	10229	All
7	96	11142	All
8	96	11639	All
9	96	12147	All
10	96	12939	All
11	96	13306	All
12	96	14156	All
13	96	14242	All
14	96	14489	All
15	96	15928	All
16	96	16330	All
17	96	16474	All
1	97	4733	All
2	97	7229	All
3	97	7419	All
4	97	10061	All
5	97	10788	All
6	97	11333	All
7	97	11738	All
8	97	12040	All
9	97	12695	All
10	97	13594	All
11	97	14207	All
12	97	14883	All
13	97	14961	All
14	97	15546	All
15	97	15957	All
16	97	16330	All
17	97	16474	All
1	98	4395	All
2	98	5501	All
3	98	6865	All
4	98	7047	All
5	98	8365	All
6	98	9415	All
7	98	10467	All
8	98	11059	All
9	98	12103	All
10	98	12849	All
11	98	13117	All
12	98	13557	All
13	98	15106	All
14	98	15530	All
15	98	15683	All
16	98	16403	All
17	98	16474	All
1	99	5722	All
2	99	8903	All
3	99	9027	All
4	99	10079	All
5	99	10578	All
6	99	11503	All
7	99	12049	All
8	99	12775	All
9	99	13064	All
10	99	13585	All
11	99	14416	All
12	99	14961	All
13	99	15113	All
14	99	15505	All
15	99	16039	All
16	99	16113	All
17	99	16474	All
1	100	4395	All
2	100	6120	All
3	100	7596	All
4	100	8226	All
5	100	8471	All
6	100	8909	All
7	100	11219	All
8	100	11759	All
9	100	12751	All
10	100	13398	All
11	100	13477	All
12	100	13950	All
13	100	14665	All
14	100	15433	All
15	100	15808	All
16	100	15880	All
17	100	16474	All
1	1	2451	Tumour_Only
2	1	7578	Tumour_Only
3	1	7869	Tumour_Only
4	1	8726	Tumour_Only
5	1	9932	Tumour_Only
6	1	11161	Tumour_Only
7	1	11255	Tumour_Only
8	1	11801	Tumour_Only
9	1	12549	Tumour_Only
10	1	12633	Tumour_Only
11	1	13259	Tumour_Only
12	1	13668	Tumour_Only
1	2	5722	Tumour_Only
2	2	7438	Tumour_Only
3	2	8572	Tumour_Only
4	2	8804	Tumour_Only
5	2	8922	Tumour_Only
6	2	11102	Tumour_Only
7	2	11431	Tumour_Only
8	2	11951	Tumour_Only
9	2	12037	Tumour_Only
10	2	12491	Tumour_Only
11	2	13196	Tumour_Only
12	2	13668	Tumour_Only
1	3	3953	Tumour_Only
2	3	6053	Tumour_Only
3	3	7728	Tumour_Only
4	3	8144	Tumour_Only
5	3	10540	Tumour_Only
6	3	11144	Tumour_Only
7	3	12209	Tumour_Only
8	3	12925	Tumour_Only
9	3	13009	Tumour_Only
10	3	13092	Tumour_Only
11	3	13259	Tumour_Only
12	3	13668	Tumour_Only
1	4	1286	Tumour_Only
2	4	4790	Tumour_Only
3	4	6896	Tumour_Only
4	4	8697	Tumour_Only
5	4	9394	Tumour_Only
6	4	11452	Tumour_Only
7	4	11644	Tumour_Only
8	4	11735	Tumour_Only
9	4	12267	Tumour_Only
10	4	12557	Tumour_Only
11	4	12987	Tumour_Only
12	4	13668	Tumour_Only
1	5	1651	Tumour_Only
2	5	4963	Tumour_Only
3	5	5179	Tumour_Only
4	5	6354	Tumour_Only
5	5	9363	Tumour_Only
6	5	9751	Tumour_Only
7	5	9862	Tumour_Only
8	5	11162	Tumour_Only
9	5	11947	Tumour_Only
10	5	12447	Tumour_Only
11	5	12889	Tumour_Only
12	5	13668	Tumour_Only
1	6	4527	Tumour_Only
2	6	6731	Tumour_Only
3	6	7728	Tumour_Only
4	6	7853	Tumour_Only
5	6	8546	Tumour_Only
6	6	8925	Tumour_Only
7	6	9037	Tumour_Only
8	6	9721	Tumour_Only
9	6	9917	Tumour_Only
10	6	10842	Tumour_Only
11	6	11980	Tumour_Only
12	6	13668	Tumour_Only
1	7	4687	Tumour_Only
2	7	7284	Tumour_Only
3	7	7553	Tumour_Only
4	7	8351	Tumour_Only
5	7	9104	Tumour_Only
6	7	9692	Tumour_Only
7	7	11758	Tumour_Only
8	7	11857	Tumour_Only
9	7	11944	Tumour_Only
10	7	12611	Tumour_Only
11	7	12889	Tumour_Only
12	7	13668	Tumour_Only
1	8	1286	Tumour_Only
2	8	4933	Tumour_Only
3	8	6343	Tumour_Only
4	8	7287	Tumour_Only
5	8	7539	Tumour_Only
6	8	8276	Tumour_Only
7	8	9789	Tumour_Only
8	8	10138	Tumour_Only
9	8	10246	Tumour_Only
10	8	12239	Tumour_Only
11	8	12889	Tumour_Only
12	8	13668	Tumour_Only
1	9	3953	Tumour_Only
2	9	5382	Tumour_Only
3	9	8781	Tumour_Only
4	9	10172	Tumour_Only
5	9	10383	Tumour_Only
6	9	10966	Tumour_Only
7	9	11285	Tumour_Only
8	9	11377	Tumour_Only
9	9	12076	Tumour_Only
10	9	12808	Tumour_Only
11	9	13591	Tumour_Only
12	9	13668	Tumour_Only
1	10	1651	Tumour_Only
2	10	7332	Tumour_Only
3	10	8620	Tumour_Only
4	10	9825	Tumour_Only
5	10	10409	Tumour_Only
6	10	11192	Tumour_Only
7	10	11740	Tumour_Only
8	10	12762	Tumour_Only
9	10	12846	Tumour_Only
10	10	13318	Tumour_Only
11	10	13590	Tumour_Only
12	10	13668	Tumour_Only
1	11	4527	Tumour_Only
2	11	6731	Tumour_Only
3	11	7728	Tumour_Only
4	11	8533	Tumour_Only
5	11	9161	Tumour_Only
6	11	11325	Tumour_Only
7	11	11636	Tumour_Only
8	11	11725	Tumour_Only
9	11	12739	Tumour_Only
10	11	13426	Tumour_Only
11	11	13591	Tumour_Only
12	11	13668	Tumour_Only
1	12	1651	Tumour_Only
2	12	5414	Tumour_Only
3	12	7022	Tumour_Only
4	12	7911	Tumour_Only
5	12	8609	Tumour_Only
6	12	9009	Tumour_Only
7	12	11265	Tumour_Only
8	12	12054	Tumour_Only
9	12	13052	Tumour_Only
10	12	13132	Tumour_Only
11	12	13211	Tumour_Only
12	12	13668	Tumour_Only
1	13	4687	Tumour_Only
2	13	8359	Tumour_Only
3	13	8483	Tumour_Only
4	13	9464	Tumour_Only
5	13	10092	Tumour_Only
6	13	10299	Tumour_Only
7	13	10641	Tumour_Only
8	13	11233	Tumour_Only
9	13	12145	Tumour_Only
10	13	12227	Tumour_Only
11	13	13196	Tumour_Only
12	13	13668	Tumour_Only
1	14	5003	Tumour_Only
2	14	6396	Tumour_Only
3	14	7728	Tumour_Only
4	14	7853	Tumour_Only
5	14	10294	Tumour_Only
6	14	10913	Tumour_Only
7	14	12001	Tumour_Only
8	14	12450	Tumour_Only
9	14	13150	Tumour_Only
10	14	13317	Tumour_Only
11	14	13398	Tumour_Only
12	14	13668	Tumour_Only
1	15	3953	Tumour_Only
2	15	8031	Tumour_Only
3	15	9178	Tumour_Only
4	15	10048	Tumour_Only
5	15	10392	Tumour_Only
6	15	11000	Tumour_Only
7	15	11192	Tumour_Only
8	15	11289	Tumour_Only
9	15	12366	Tumour_Only
10	15	12447	Tumour_Only
11	15	13259	Tumour_Only
12	15	13668	Tumour_Only
1	16	5003	Tumour_Only
2	16	5747	Tumour_Only
3	16	5942	Tumour_Only
4	16	6251	Tumour_Only
5	16	6425	Tumour_Only
6	16	8433	Tumour_Only
7	16	9419	Tumour_Only
8	16	10057	Tumour_Only
9	16	10585	Tumour_Only
10	16	11173	Tumour_Only
11	16	11980	Tumour_Only
12	16	13668	Tumour_Only
1	17	3645	Tumour_Only
2	17	5206	Tumour_Only
3	17	7629	Tumour_Only
4	17	8736	Tumour_Only
5	17	8951	Tumour_Only
6	17	10058	Tumour_Only
7	17	10163	Tumour_Only
8	17	11039	Tumour_Only
9	17	11598	Tumour_Only
10	17	11895	Tumour_Only
11	17	13590	Tumour_Only
12	17	13668	Tumour_Only
1	18	4527	Tumour_Only
2	18	7227	Tumour_Only
3	18	9811	Tumour_Only
4	18	10029	Tumour_Only
5	18	10384	Tumour_Only
6	18	11339	Tumour_Only
7	18	11887	Tumour_Only
8	18	12619	Tumour_Only
9	18	12706	Tumour_Only
10	18	13179	Tumour_Only
11	18	13590	Tumour_Only
12	18	13668	Tumour_Only
1	19	6993	Tumour_Only
2	19	7170	Tumour_Only
3	19	8124	Tumour_Only
4	19	8278	Tumour_Only
5	19	9545	Tumour_Only
6	19	10129	Tumour_Only
7	19	10928	Tumour_Only
8	19	11117	Tumour_Only
9	19	11688	Tumour_Only
10	19	12705	Tumour_Only
11	19	12987	Tumour_Only
12	19	13668	Tumour_Only
1	20	6993	Tumour_Only
2	20	8031	Tumour_Only
3	20	9592	Tumour_Only
4	20	9817	Tumour_Only
5	20	9936	Tumour_Only
6	20	10817	Tumour_Only
7	20	10909	Tumour_Only
8	20	11412	Tumour_Only
9	20	11944	Tumour_Only
10	20	12776	Tumour_Only
11	20	13059	Tumour_Only
12	20	13668	Tumour_Only
1	21	5003	Tumour_Only
2	21	5414	Tumour_Only
3	21	5620	Tumour_Only
4	21	5820	Tumour_Only
5	21	7985	Tumour_Only
6	21	8659	Tumour_Only
7	21	9365	Tumour_Only
8	21	11522	Tumour_Only
9	21	11839	Tumour_Only
10	21	12508	Tumour_Only
11	21	13211	Tumour_Only
12	21	13668	Tumour_Only
1	22	2451	Tumour_Only
2	22	4524	Tumour_Only
3	22	7235	Tumour_Only
4	22	8066	Tumour_Only
5	22	8305	Tumour_Only
6	22	9050	Tumour_Only
7	22	10044	Tumour_Only
8	22	10138	Tumour_Only
9	22	11143	Tumour_Only
10	22	11893	Tumour_Only
11	22	11980	Tumour_Only
12	22	13668	Tumour_Only
1	23	1421	Tumour_Only
2	23	5245	Tumour_Only
3	23	7014	Tumour_Only
4	23	7810	Tumour_Only
5	23	7944	Tumour_Only
6	23	8173	Tumour_Only
7	23	9692	Tumour_Only
8	23	11755	Tumour_Only
9	23	12276	Tumour_Only
10	23	12776	Tumour_Only
11	23	13398	Tumour_Only
12	23	13668	Tumour_Only
1	24	3645	Tumour_Only
2	24	5206	Tumour_Only
3	24	6527	Tumour_Only
4	24	7028	Tumour_Only
5	24	9845	Tumour_Only
6	24	10055	Tumour_Only
7	24	10864	Tumour_Only
8	24	10952	Tumour_Only
9	24	11043	Tumour_Only
10	24	11867	Tumour_Only
11	24	12736	Tumour_Only
12	24	13668	Tumour_Only
1	25	3569	Tumour_Only
2	25	4095	Tumour_Only
3	25	4403	Tumour_Only
4	25	5770	Tumour_Only
5	25	7265	Tumour_Only
6	25	9992	Tumour_Only
7	25	11249	Tumour_Only
8	25	11338	Tumour_Only
9	25	11869	Tumour_Only
10	25	12705	Tumour_Only
11	25	12987	Tumour_Only
12	25	13668	Tumour_Only
1	26	3953	Tumour_Only
2	26	4235	Tumour_Only
3	26	5580	Tumour_Only
4	26	7139	Tumour_Only
5	26	8546	Tumour_Only
6	26	8770	Tumour_Only
7	26	9806	Tumour_Only
8	26	10424	Tumour_Only
9	26	12365	Tumour_Only
10	26	12656	Tumour_Only
11	26	13591	Tumour_Only
12	26	13668	Tumour_Only
1	27	3569	Tumour_Only
2	27	7933	Tumour_Only
3	27	8067	Tumour_Only
4	27	8530	Tumour_Only
5	27	9502	Tumour_Only
6	27	9714	Tumour_Only
7	27	10364	Tumour_Only
8	27	10952	Tumour_Only
9	27	11780	Tumour_Only
10	27	11867	Tumour_Only
11	27	12736	Tumour_Only
12	27	13668	Tumour_Only
1	28	1651	Tumour_Only
2	28	4095	Tumour_Only
3	28	6242	Tumour_Only
4	28	8268	Tumour_Only
5	28	9024	Tumour_Only
6	28	10124	Tumour_Only
7	28	10221	Tumour_Only
8	28	10819	Tumour_Only
9	28	10920	Tumour_Only
10	28	12776	Tumour_Only
11	28	13059	Tumour_Only
12	28	13668	Tumour_Only
1	29	1421	Tumour_Only
2	29	3946	Tumour_Only
3	29	4806	Tumour_Only
4	29	8538	Tumour_Only
5	29	8659	Tumour_Only
6	29	9607	Tumour_Only
7	29	10247	Tumour_Only
8	29	11258	Tumour_Only
9	29	12337	Tumour_Only
10	29	13045	Tumour_Only
11	29	13504	Tumour_Only
12	29	13668	Tumour_Only
1	30	4527	Tumour_Only
2	30	8250	Tumour_Only
3	30	9031	Tumour_Only
4	30	10194	Tumour_Only
5	30	11055	Tumour_Only
6	30	11389	Tumour_Only
7	30	12445	Tumour_Only
8	30	12925	Tumour_Only
9	30	13345	Tumour_Only
10	30	13512	Tumour_Only
11	30	13590	Tumour_Only
12	30	13668	Tumour_Only
1	31	4687	Tumour_Only
2	31	6193	Tumour_Only
3	31	7161	Tumour_Only
4	31	7423	Tumour_Only
5	31	10066	Tumour_Only
6	31	11088	Tumour_Only
7	31	11419	Tumour_Only
8	31	11898	Tumour_Only
9	31	12575	Tumour_Only
10	31	12656	Tumour_Only
11	31	12736	Tumour_Only
12	31	13668	Tumour_Only
1	32	2451	Tumour_Only
2	32	7578	Tumour_Only
3	32	9325	Tumour_Only
4	32	9555	Tumour_Only
5	32	10594	Tumour_Only
6	32	10694	Tumour_Only
7	32	10791	Tumour_Only
8	32	11597	Tumour_Only
9	32	12120	Tumour_Only
10	32	12633	Tumour_Only
11	32	13059	Tumour_Only
12	32	13668	Tumour_Only
1	33	1651	Tumour_Only
2	33	5414	Tumour_Only
3	33	5621	Tumour_Only
4	33	6833	Tumour_Only
5	33	8096	Tumour_Only
6	33	10505	Tumour_Only
7	33	11046	Tumour_Only
8	33	11601	Tumour_Only
9	33	11905	Tumour_Only
10	33	11988	Tumour_Only
11	33	12736	Tumour_Only
12	33	13668	Tumour_Only
1	34	3953	Tumour_Only
2	34	4443	Tumour_Only
3	34	6369	Tumour_Only
4	34	7327	Tumour_Only
5	34	8565	Tumour_Only
6	34	8953	Tumour_Only
7	34	9054	Tumour_Only
8	34	9168	Tumour_Only
9	34	11373	Tumour_Only
10	34	12447	Tumour_Only
11	34	12889	Tumour_Only
12	34	13668	Tumour_Only
1	35	6993	Tumour_Only
2	35	7578	Tumour_Only
3	35	8691	Tumour_Only
4	35	9431	Tumour_Only
5	35	10747	Tumour_Only
6	35	11559	Tumour_Only
7	35	11749	Tumour_Only
8	35	12225	Tumour_Only
9	35	12307	Tumour_Only
10	35	12391	Tumour_Only
11	35	12889	Tumour_Only
12	35	13668	Tumour_Only
1	36	3569	Tumour_Only
2	36	3946	Tumour_Only
3	36	6137	Tumour_Only
4	36	8176	Tumour_Only
5	36	9195	Tumour_Only
6	36	9561	Tumour_Only
7	36	11623	Tumour_Only
8	36	11711	Tumour_Only
9	36	12236	Tumour_Only
10	36	12720	Tumour_Only
11	36	13504	Tumour_Only
12	36	13668	Tumour_Only
1	37	6993	Tumour_Only
2	37	7332	Tumour_Only
3	37	8620	Tumour_Only
4	37	8769	Tumour_Only
5	37	10224	Tumour_Only
6	37	10578	Tumour_Only
7	37	11507	Tumour_Only
8	37	12048	Tumour_Only
9	37	12706	Tumour_Only
10	37	13179	Tumour_Only
11	37	13590	Tumour_Only
12	37	13668	Tumour_Only
1	38	3645	Tumour_Only
2	38	5972	Tumour_Only
3	38	7161	Tumour_Only
4	38	7630	Tumour_Only
5	38	7781	Tumour_Only
6	38	9391	Tumour_Only
7	38	9601	Tumour_Only
8	38	9698	Tumour_Only
9	38	11779	Tumour_Only
10	38	12633	Tumour_Only
11	38	13059	Tumour_Only
12	38	13668	Tumour_Only
1	39	1286	Tumour_Only
2	39	2091	Tumour_Only
3	39	5485	Tumour_Only
4	39	6726	Tumour_Only
5	39	8533	Tumour_Only
6	39	9257	Tumour_Only
7	39	9459	Tumour_Only
8	39	10027	Tumour_Only
9	39	12052	Tumour_Only
10	39	12705	Tumour_Only
11	39	13398	Tumour_Only
12	39	13668	Tumour_Only
1	40	5003	Tumour_Only
2	40	6847	Tumour_Only
3	40	8071	Tumour_Only
4	40	8828	Tumour_Only
5	40	8948	Tumour_Only
6	40	9552	Tumour_Only
7	40	10848	Tumour_Only
8	40	11032	Tumour_Only
9	40	12845	Tumour_Only
10	40	12928	Tumour_Only
11	40	13211	Tumour_Only
12	40	13668	Tumour_Only
1	41	5003	Tumour_Only
2	41	6302	Tumour_Only
3	41	9310	Tumour_Only
4	41	10263	Tumour_Only
5	41	10633	Tumour_Only
6	41	10732	Tumour_Only
7	41	11322	Tumour_Only
8	41	11508	Tumour_Only
9	41	12206	Tumour_Only
10	41	12656	Tumour_Only
11	41	12736	Tumour_Only
12	41	13668	Tumour_Only
1	42	1651	Tumour_Only
2	42	5414	Tumour_Only
3	42	8796	Tumour_Only
4	42	9825	Tumour_Only
5	42	10213	Tumour_Only
6	42	10312	Tumour_Only
7	42	11503	Tumour_Only
8	42	12030	Tumour_Only
9	42	12485	Tumour_Only
10	42	12976	Tumour_Only
11	42	13591	Tumour_Only
12	42	13668	Tumour_Only
1	43	3953	Tumour_Only
2	43	6193	Tumour_Only
3	43	7530	Tumour_Only
4	43	10048	Tumour_Only
5	43	10267	Tumour_Only
6	43	10868	Tumour_Only
7	43	11983	Tumour_Only
8	43	12077	Tumour_Only
9	43	12530	Tumour_Only
10	43	13318	Tumour_Only
11	43	13590	Tumour_Only
12	43	13668	Tumour_Only
1	44	3645	Tumour_Only
2	44	6302	Tumour_Only
3	44	6595	Tumour_Only
4	44	7453	Tumour_Only
5	44	9141	Tumour_Only
6	44	9818	Tumour_Only
7	44	10670	Tumour_Only
8	44	10763	Tumour_Only
9	44	11593	Tumour_Only
10	44	13317	Tumour_Only
11	44	13591	Tumour_Only
12	44	13668	Tumour_Only
1	45	4527	Tumour_Only
2	45	6477	Tumour_Only
3	45	6639	Tumour_Only
4	45	7497	Tumour_Only
5	45	8878	Tumour_Only
6	45	9598	Tumour_Only
7	45	9943	Tumour_Only
8	45	10042	Tumour_Only
9	45	11253	Tumour_Only
10	45	11439	Tumour_Only
11	45	13196	Tumour_Only
12	45	13668	Tumour_Only
1	46	6993	Tumour_Only
2	46	7578	Tumour_Only
3	46	8995	Tumour_Only
4	46	9114	Tumour_Only
5	46	10107	Tumour_Only
6	46	10211	Tumour_Only
7	46	10417	Tumour_Only
8	46	11023	Tumour_Only
9	46	11602	Tumour_Only
10	46	12070	Tumour_Only
11	46	13059	Tumour_Only
12	46	13668	Tumour_Only
1	47	4687	Tumour_Only
2	47	5972	Tumour_Only
3	47	6590	Tumour_Only
4	47	7630	Tumour_Only
5	47	9270	Tumour_Only
6	47	9483	Tumour_Only
7	47	9601	Tumour_Only
8	47	10653	Tumour_Only
9	47	12549	Tumour_Only
10	47	12977	Tumour_Only
11	47	13059	Tumour_Only
12	47	13668	Tumour_Only
1	48	5722	Tumour_Only
2	48	7227	Tumour_Only
3	48	8069	Tumour_Only
4	48	8193	Tumour_Only
5	48	8612	Tumour_Only
6	48	9236	Tumour_Only
7	48	11385	Tumour_Only
8	48	11899	Tumour_Only
9	48	12637	Tumour_Only
10	48	12720	Tumour_Only
11	48	12889	Tumour_Only
12	48	13668	Tumour_Only
1	49	5722	Tumour_Only
2	49	6071	Tumour_Only
3	49	6286	Tumour_Only
4	49	7278	Tumour_Only
5	49	7742	Tumour_Only
6	49	9034	Tumour_Only
7	49	9718	Tumour_Only
8	49	9820	Tumour_Only
9	49	11892	Tumour_Only
10	49	12348	Tumour_Only
11	49	13059	Tumour_Only
12	49	13668	Tumour_Only
1	50	4687	Tumour_Only
2	50	4933	Tumour_Only
3	50	8483	Tumour_Only
4	50	9464	Tumour_Only
5	50	10128	Tumour_Only
6	50	10761	Tumour_Only
7	50	11089	Tumour_Only
8	50	11598	Tumour_Only
9	50	11780	Tumour_Only
10	50	11867	Tumour_Only
11	50	12889	Tumour_Only
12	50	13668	Tumour_Only
1	51	3645	Tumour_Only
2	51	4031	Tumour_Only
3	51	6998	Tumour_Only
4	51	8204	Tumour_Only
5	51	8323	Tumour_Only
6	51	10638	Tumour_Only
7	51	11460	Tumour_Only
8	51	11770	Tumour_Only
9	51	12236	Tumour_Only
10	51	12407	Tumour_Only
11	51	12889	Tumour_Only
12	51	13668	Tumour_Only
1	52	5003	Tumour_Only
2	52	5265	Tumour_Only
3	52	7595	Tumour_Only
4	52	7744	Tumour_Only
5	52	10230	Tumour_Only
6	52	11075	Tumour_Only
7	52	11640	Tumour_Only
8	52	12164	Tumour_Only
9	52	12460	Tumour_Only
10	52	12633	Tumour_Only
11	52	13259	Tumour_Only
12	52	13668	Tumour_Only
1	53	3953	Tumour_Only
2	53	6396	Tumour_Only
3	53	6569	Tumour_Only
4	53	8409	Tumour_Only
5	53	9475	Tumour_Only
6	53	9836	Tumour_Only
7	53	9938	Tumour_Only
8	53	10560	Tumour_Only
9	53	12460	Tumour_Only
10	53	12633	Tumour_Only
11	53	13259	Tumour_Only
12	53	13668	Tumour_Only
1	54	3645	Tumour_Only
2	54	6302	Tumour_Only
3	54	7746	Tumour_Only
4	54	7890	Tumour_Only
5	54	8579	Tumour_Only
6	54	9348	Tumour_Only
7	54	10637	Tumour_Only
8	54	10827	Tumour_Only
9	54	12691	Tumour_Only
10	54	12977	Tumour_Only
11	54	13059	Tumour_Only
12	54	13668	Tumour_Only
1	55	1651	Tumour_Only
2	55	4443	Tumour_Only
3	55	4743	Tumour_Only
4	55	6682	Tumour_Only
5	55	6812	Tumour_Only
6	55	7625	Tumour_Only
7	55	8979	Tumour_Only
8	55	11220	Tumour_Only
9	55	11932	Tumour_Only
10	55	12918	Tumour_Only
11	55	13398	Tumour_Only
12	55	13668	Tumour_Only
1	56	1421	Tumour_Only
2	56	3946	Tumour_Only
3	56	5430	Tumour_Only
4	56	8859	Tumour_Only
5	56	8977	Tumour_Only
6	56	9981	Tumour_Only
7	56	10183	Tumour_Only
8	56	11193	Tumour_Only
9	56	11523	Tumour_Only
10	56	12579	Tumour_Only
11	56	13211	Tumour_Only
12	56	13668	Tumour_Only
1	57	1421	Tumour_Only
2	57	4316	Tumour_Only
3	57	5606	Tumour_Only
4	57	7143	Tumour_Only
5	57	7580	Tumour_Only
6	57	9234	Tumour_Only
7	57	9895	Tumour_Only
8	57	10793	Tumour_Only
9	57	10980	Tumour_Only
10	57	11067	Tumour_Only
11	57	12889	Tumour_Only
12	57	13668	Tumour_Only
1	58	6993	Tumour_Only
2	58	7933	Tumour_Only
3	58	8080	Tumour_Only
4	58	8342	Tumour_Only
5	58	9146	Tumour_Only
6	58	10260	Tumour_Only
7	58	11428	Tumour_Only
8	58	12189	Tumour_Only
9	58	12276	Tumour_Only
10	58	12776	Tumour_Only
11	58	13059	Tumour_Only
12	58	13668	Tumour_Only
1	59	1421	Tumour_Only
2	59	4811	Tumour_Only
3	59	6894	Tumour_Only
4	59	7052	Tumour_Only
5	59	7318	Tumour_Only
6	59	8163	Tumour_Only
7	59	9274	Tumour_Only
8	59	9647	Tumour_Only
9	59	10212	Tumour_Only
10	59	10842	Tumour_Only
11	59	11980	Tumour_Only
12	59	13668	Tumour_Only
1	60	4527	Tumour_Only
2	60	6731	Tumour_Only
3	60	6896	Tumour_Only
4	60	7382	Tumour_Only
5	60	8149	Tumour_Only
6	60	9256	Tumour_Only
7	60	9915	Tumour_Only
8	60	10016	Tumour_Only
9	60	12047	Tumour_Only
10	60	13045	Tumour_Only
11	60	13211	Tumour_Only
12	60	13668	Tumour_Only
1	61	3645	Tumour_Only
2	61	5972	Tumour_Only
3	61	6149	Tumour_Only
4	61	7546	Tumour_Only
5	61	8282	Tumour_Only
6	61	9099	Tumour_Only
7	61	9465	Tumour_Only
8	61	10788	Tumour_Only
9	61	10974	Tumour_Only
10	61	12808	Tumour_Only
11	61	12889	Tumour_Only
12	61	13668	Tumour_Only
1	62	3953	Tumour_Only
2	62	5382	Tumour_Only
3	62	7001	Tumour_Only
4	62	9715	Tumour_Only
5	62	9817	Tumour_Only
6	62	10032	Tumour_Only
7	62	10920	Tumour_Only
8	62	11014	Tumour_Only
9	62	11323	Tumour_Only
10	62	12391	Tumour_Only
11	62	13196	Tumour_Only
12	62	13668	Tumour_Only
1	63	5722	Tumour_Only
2	63	7438	Tumour_Only
3	63	8275	Tumour_Only
4	63	8505	Tumour_Only
5	63	9141	Tumour_Only
6	63	9818	Tumour_Only
7	63	9927	Tumour_Only
8	63	10027	Tumour_Only
9	63	10860	Tumour_Only
10	63	11685	Tumour_Only
11	63	11980	Tumour_Only
12	63	13668	Tumour_Only
1	64	4687	Tumour_Only
2	64	7284	Tumour_Only
3	64	8630	Tumour_Only
4	64	9052	Tumour_Only
5	64	11214	Tumour_Only
6	64	11771	Tumour_Only
7	64	12281	Tumour_Only
8	64	12372	Tumour_Only
9	64	12460	Tumour_Only
10	64	12889	Tumour_Only
11	64	13504	Tumour_Only
12	64	13668	Tumour_Only
1	65	3645	Tumour_Only
2	65	4031	Tumour_Only
3	65	4899	Tumour_Only
4	65	5100	Tumour_Only
5	65	7171	Tumour_Only
6	65	7949	Tumour_Only
7	65	9546	Tumour_Only
8	65	11661	Tumour_Only
9	65	12337	Tumour_Only
10	65	12819	Tumour_Only
11	65	12987	Tumour_Only
12	65	13668	Tumour_Only
1	66	1651	Tumour_Only
2	66	4175	Tumour_Only
3	66	5025	Tumour_Only
4	66	6391	Tumour_Only
5	66	7291	Tumour_Only
6	66	8490	Tumour_Only
7	66	10864	Tumour_Only
8	66	10952	Tumour_Only
9	66	12076	Tumour_Only
10	66	12160	Tumour_Only
11	66	12987	Tumour_Only
12	66	13668	Tumour_Only
1	67	2451	Tumour_Only
2	67	5747	Tumour_Only
3	67	8995	Tumour_Only
4	67	9114	Tumour_Only
5	67	9747	Tumour_Only
6	67	10664	Tumour_Only
7	67	10865	Tumour_Only
8	67	11604	Tumour_Only
9	67	12140	Tumour_Only
10	67	12656	Tumour_Only
11	67	13590	Tumour_Only
12	67	13668	Tumour_Only
1	68	3645	Tumour_Only
2	68	5972	Tumour_Only
3	68	7410	Tumour_Only
4	68	8164	Tumour_Only
5	68	9737	Tumour_Only
6	68	11760	Tumour_Only
7	68	12268	Tumour_Only
8	68	13067	Tumour_Only
9	68	13236	Tumour_Only
10	68	13318	Tumour_Only
11	68	13590	Tumour_Only
12	68	13668	Tumour_Only
1	69	3645	Tumour_Only
2	69	4613	Tumour_Only
3	69	6590	Tumour_Only
4	69	7447	Tumour_Only
5	69	8591	Tumour_Only
6	69	9811	Tumour_Only
7	69	9915	Tumour_Only
8	69	10563	Tumour_Only
9	69	10752	Tumour_Only
10	69	11893	Tumour_Only
11	69	13591	Tumour_Only
12	69	13668	Tumour_Only
1	70	5003	Tumour_Only
2	70	6396	Tumour_Only
3	70	7728	Tumour_Only
4	70	10195	Tumour_Only
5	70	10294	Tumour_Only
6	70	11153	Tumour_Only
7	70	11474	Tumour_Only
8	70	11961	Tumour_Only
9	70	12482	Tumour_Only
10	70	12656	Tumour_Only
11	70	12736	Tumour_Only
12	70	13668	Tumour_Only
1	71	1651	Tumour_Only
2	71	2243	Tumour_Only
3	71	2794	Tumour_Only
4	71	5395	Tumour_Only
5	71	6675	Tumour_Only
6	71	9517	Tumour_Only
7	71	9868	Tumour_Only
8	71	10503	Tumour_Only
9	71	11688	Tumour_Only
10	71	12160	Tumour_Only
11	71	12987	Tumour_Only
12	71	13668	Tumour_Only
1	72	3953	Tumour_Only
2	72	6396	Tumour_Only
3	72	6569	Tumour_Only
4	72	6849	Tumour_Only
5	72	9669	Tumour_Only
6	72	10260	Tumour_Only
7	72	10602	Tumour_Only
8	72	11360	Tumour_Only
9	72	11904	Tumour_Only
10	72	11988	Tumour_Only
11	72	12987	Tumour_Only
12	72	13668	Tumour_Only
1	73	4527	Tumour_Only
2	73	4963	Tumour_Only
3	73	5198	Tumour_Only
4	73	8650	Tumour_Only
5	73	8765	Tumour_Only
6	73	10237	Tumour_Only
7	73	10831	Tumour_Only
8	73	11755	Tumour_Only
9	73	12267	Tumour_Only
10	73	12705	Tumour_Only
11	73	13398	Tumour_Only
12	73	13668	Tumour_Only
1	74	5722	Tumour_Only
2	74	6364	Tumour_Only
3	74	6533	Tumour_Only
4	74	7827	Tumour_Only
5	74	8065	Tumour_Only
6	74	8735	Tumour_Only
7	74	8852	Tumour_Only
8	74	9542	Tumour_Only
9	74	10183	Tumour_Only
10	74	12160	Tumour_Only
11	74	12987	Tumour_Only
12	74	13668	Tumour_Only
1	75	6993	Tumour_Only
2	75	8250	Tumour_Only
3	75	8380	Tumour_Only
4	75	9115	Tumour_Only
5	75	10092	Tumour_Only
6	75	10693	Tumour_Only
7	75	11646	Tumour_Only
8	75	11827	Tumour_Only
9	75	12845	Tumour_Only
10	75	13317	Tumour_Only
11	75	13591	Tumour_Only
12	75	13668	Tumour_Only
1	76	4687	Tumour_Only
2	76	4995	Tumour_Only
3	76	5699	Tumour_Only
4	76	6778	Tumour_Only
5	76	7604	Tumour_Only
6	76	8482	Tumour_Only
7	76	10862	Tumour_Only
8	76	11603	Tumour_Only
9	76	12481	Tumour_Only
10	76	12656	Tumour_Only
11	76	12736	Tumour_Only
12	76	13668	Tumour_Only
1	77	5003	Tumour_Only
2	77	7438	Tumour_Only
3	77	8572	Tumour_Only
4	77	9198	Tumour_Only
5	77	10156	Tumour_Only
6	77	10257	Tumour_Only
7	77	10595	Tumour_Only
8	77	11173	Tumour_Only
9	77	11267	Tumour_Only
10	77	11446	Tumour_Only
11	77	13211	Tumour_Only
12	77	13668	Tumour_Only
1	78	6993	Tumour_Only
2	78	7985	Tumour_Only
3	78	9031	Tumour_Only
4	78	9144	Tumour_Only
5	78	9265	Tumour_Only
6	78	9654	Tumour_Only
7	78	10247	Tumour_Only
8	78	11474	Tumour_Only
9	78	11985	Tumour_Only
10	78	12720	Tumour_Only
11	78	12889	Tumour_Only
12	78	13668	Tumour_Only
1	79	4687	Tumour_Only
2	79	6477	Tumour_Only
3	79	6658	Tumour_Only
4	79	7511	Tumour_Only
5	79	9195	Tumour_Only
6	79	9862	Tumour_Only
7	79	11838	Tumour_Only
8	79	12660	Tumour_Only
9	79	12943	Tumour_Only
10	79	13117	Tumour_Only
11	79	13196	Tumour_Only
12	79	13668	Tumour_Only
1	80	1421	Tumour_Only
2	80	4031	Tumour_Only
3	80	6195	Tumour_Only
4	80	7565	Tumour_Only
5	80	7695	Tumour_Only
6	80	9383	Tumour_Only
7	80	9745	Tumour_Only
8	80	10372	Tumour_Only
9	80	11342	Tumour_Only
10	80	11522	Tumour_Only
11	80	13259	Tumour_Only
12	80	13668	Tumour_Only
1	81	1421	Tumour_Only
2	81	4811	Tumour_Only
3	81	6658	Tumour_Only
4	81	6945	Tumour_Only
5	81	7763	Tumour_Only
6	81	9103	Tumour_Only
7	81	11286	Tumour_Only
8	81	11376	Tumour_Only
9	81	11932	Tumour_Only
10	81	12227	Tumour_Only
11	81	13196	Tumour_Only
12	81	13668	Tumour_Only
1	82	6993	Tumour_Only
2	82	8031	Tumour_Only
3	82	8160	Tumour_Only
4	82	9284	Tumour_Only
5	82	10145	Tumour_Only
6	82	10487	Tumour_Only
7	82	10692	Tumour_Only
8	82	11664	Tumour_Only
9	82	12681	Tumour_Only
10	82	13117	Tumour_Only
11	82	13196	Tumour_Only
12	82	13668	Tumour_Only
1	83	4527	Tumour_Only
2	83	5887	Tumour_Only
3	83	7068	Tumour_Only
4	83	7515	Tumour_Only
5	83	8268	Tumour_Only
6	83	10668	Tumour_Only
7	83	11636	Tumour_Only
8	83	12653	Tumour_Only
9	83	12825	Tumour_Only
10	83	12908	Tumour_Only
11	83	12987	Tumour_Only
12	83	13668	Tumour_Only
1	84	5722	Tumour_Only
2	84	8903	Tumour_Only
3	84	9040	Tumour_Only
4	84	9924	Tumour_Only
5	84	10801	Tumour_Only
6	84	11699	Tumour_Only
7	84	12236	Tumour_Only
8	84	12533	Tumour_Only
9	84	12963	Tumour_Only
10	84	13424	Tumour_Only
11	84	13590	Tumour_Only
12	84	13668	Tumour_Only
1	85	1286	Tumour_Only
2	85	5265	Tumour_Only
3	85	5485	Tumour_Only
4	85	8803	Tumour_Only
5	85	9742	Tumour_Only
6	85	11003	Tumour_Only
7	85	11573	Tumour_Only
8	85	12323	Tumour_Only
9	85	12496	Tumour_Only
10	85	12982	Tumour_Only
11	85	13259	Tumour_Only
12	85	13668	Tumour_Only
1	86	5003	Tumour_Only
2	86	7438	Tumour_Only
3	86	8277	Tumour_Only
4	86	8404	Tumour_Only
5	86	8812	Tumour_Only
6	86	9515	Tumour_Only
7	86	10073	Tumour_Only
8	86	10899	Tumour_Only
9	86	12739	Tumour_Only
10	86	13426	Tumour_Only
11	86	13591	Tumour_Only
12	86	13668	Tumour_Only
1	87	2451	Tumour_Only
2	87	4748	Tumour_Only
3	87	8467	Tumour_Only
4	87	9171	Tumour_Only
5	87	9289	Tumour_Only
6	87	10396	Tumour_Only
7	87	11165	Tumour_Only
8	87	12227	Tumour_Only
9	87	12943	Tumour_Only
10	87	13117	Tumour_Only
11	87	13590	Tumour_Only
12	87	13668	Tumour_Only
1	88	6993	Tumour_Only
2	88	8542	Tumour_Only
3	88	8995	Tumour_Only
4	88	9709	Tumour_Only
5	88	9817	Tumour_Only
6	88	10634	Tumour_Only
7	88	11762	Tumour_Only
8	88	12296	Tumour_Only
9	88	12734	Tumour_Only
10	88	12819	Tumour_Only
11	88	12987	Tumour_Only
12	88	13668	Tumour_Only
1	89	2451	Tumour_Only
2	89	4748	Tumour_Only
3	89	6721	Tumour_Only
4	89	8271	Tumour_Only
5	89	8399	Tumour_Only
6	89	8514	Tumour_Only
7	89	9470	Tumour_Only
8	89	9676	Tumour_Only
9	89	10952	Tumour_Only
10	89	11439	Tumour_Only
11	89	11980	Tumour_Only
12	89	13668	Tumour_Only
1	90	5003	Tumour_Only
2	90	6847	Tumour_Only
3	90	7121	Tumour_Only
4	90	7915	Tumour_Only
5	90	8047	Tumour_Only
6	90	8796	Tumour_Only
7	90	11102	Tumour_Only
8	90	11679	Tumour_Only
9	90	11766	Tumour_Only
10	90	12070	Tumour_Only
11	90	13059	Tumour_Only
12	90	13668	Tumour_Only
1	91	1421	Tumour_Only
2	91	3027	Tumour_Only
3	91	4899	Tumour_Only
4	91	6778	Tumour_Only
5	91	7049	Tumour_Only
6	91	8019	Tumour_Only
7	91	8703	Tumour_Only
8	91	9910	Tumour_Only
9	91	11147	Tumour_Only
10	91	12977	Tumour_Only
11	91	13059	Tumour_Only
12	91	13668	Tumour_Only
1	92	1286	Tumour_Only
2	92	2091	Tumour_Only
3	92	5040	Tumour_Only
4	92	7519	Tumour_Only
5	92	7963	Tumour_Only
6	92	9071	Tumour_Only
7	92	9737	Tumour_Only
8	92	10372	Tumour_Only
9	92	10883	Tumour_Only
10	92	12720	Tumour_Only
11	92	13504	Tumour_Only
12	92	13668	Tumour_Only
1	93	5003	Tumour_Only
2	93	8542	Tumour_Only
3	93	10004	Tumour_Only
4	93	10226	Tumour_Only
5	93	10594	Tumour_Only
6	93	11111	Tumour_Only
7	93	11821	Tumour_Only
8	93	12326	Tumour_Only
9	93	12410	Tumour_Only
10	93	12908	Tumour_Only
11	93	13591	Tumour_Only
12	93	13668	Tumour_Only
1	94	3569	Tumour_Only
2	94	5206	Tumour_Only
3	94	7194	Tumour_Only
4	94	7453	Tumour_Only
5	94	7583	Tumour_Only
6	94	8718	Tumour_Only
7	94	9755	Tumour_Only
8	94	10424	Tumour_Only
9	94	10519	Tumour_Only
10	94	11685	Tumour_Only
11	94	11980	Tumour_Only
12	94	13668	Tumour_Only
1	95	1651	Tumour_Only
2	95	2354	Tumour_Only
3	95	7519	Tumour_Only
4	95	8769	Tumour_Only
5	95	10224	Tumour_Only
6	95	11175	Tumour_Only
7	95	11269	Tumour_Only
8	95	11755	Tumour_Only
9	95	12069	Tumour_Only
10	95	12570	Tumour_Only
11	95	13196	Tumour_Only
12	95	13668	Tumour_Only
1	96	1286	Tumour_Only
2	96	3912	Tumour_Only
3	96	6371	Tumour_Only
4	96	7716	Tumour_Only
5	96	10232	Tumour_Only
6	96	11406	Tumour_Only
7	96	12166	Tumour_Only
8	96	12675	Tumour_Only
9	96	12965	Tumour_Only
10	96	13045	Tumour_Only
11	96	13211	Tumour_Only
12	96	13668	Tumour_Only
1	97	1286	Tumour_Only
2	97	5925	Tumour_Only
3	97	6972	Tumour_Only
4	97	7762	Tumour_Only
5	97	8847	Tumour_Only
6	97	9546	Tumour_Only
7	97	10468	Tumour_Only
8	97	10569	Tumour_Only
9	97	11507	Tumour_Only
10	97	11685	Tumour_Only
11	97	13398	Tumour_Only
12	97	13668	Tumour_Only
1	98	3645	Tumour_Only
2	98	5887	Tumour_Only
3	98	6067	Tumour_Only
4	98	6243	Tumour_Only
5	98	7933	Tumour_Only
6	98	9522	Tumour_Only
7	98	10448	Tumour_Only
8	98	11037	Tumour_Only
9	98	11219	Tumour_Only
10	98	12982	Tumour_Only
11	98	13259	Tumour_Only
12	98	13668	Tumour_Only
1	99	5722	Tumour_Only
2	99	6071	Tumour_Only
3	99	6990	Tumour_Only
4	99	7160	Tumour_Only
5	99	8029	Tumour_Only
6	99	9149	Tumour_Only
7	99	9809	Tumour_Only
8	99	10827	Tumour_Only
9	99	10920	Tumour_Only
10	99	11237	Tumour_Only
11	99	11980	Tumour_Only
12	99	13668	Tumour_Only
1	100	3645	Tumour_Only
2	100	4031	Tumour_Only
3	100	5430	Tumour_Only
4	100	7103	Tumour_Only
5	100	8072	Tumour_Only
6	100	8482	Tumour_Only
7	100	9710	Tumour_Only
8	100	11802	Tumour_Only
9	100	12481	Tumour_Only
10	100	12656	Tumour_Only
11	100	12736	Tumour_Only
12	100	13668	Tumour_Only
1	1	4395	Benign_Only
2	1	6120	Benign_Only
3	1	6865	Benign_Only
4	1	8215	Benign_Only
5	1	9614	Benign_Only
1	2	4395	Benign_Only
2	2	6376	Benign_Only
3	2	8227	Benign_Only
4	2	9157	Benign_Only
5	2	9614	Benign_Only
1	3	3514	Benign_Only
2	3	5501	Benign_Only
3	3	7122	Benign_Only
4	3	8753	Benign_Only
5	3	9614	Benign_Only
1	4	3514	Benign_Only
2	4	5869	Benign_Only
3	4	7288	Benign_Only
4	4	8215	Benign_Only
5	4	9614	Benign_Only
1	5	4395	Benign_Only
2	5	6376	Benign_Only
3	5	8227	Benign_Only
4	5	9157	Benign_Only
5	5	9614	Benign_Only
1	6	4395	Benign_Only
2	6	6120	Benign_Only
3	6	7626	Benign_Only
4	6	8215	Benign_Only
5	6	9614	Benign_Only
1	7	4395	Benign_Only
2	7	6940	Benign_Only
3	7	7591	Benign_Only
4	7	8753	Benign_Only
5	7	9614	Benign_Only
1	8	4733	Benign_Only
2	8	7229	Benign_Only
3	8	8227	Benign_Only
4	8	8753	Benign_Only
5	8	9614	Benign_Only
1	9	3514	Benign_Only
2	9	5670	Benign_Only
3	9	7732	Benign_Only
4	9	8888	Benign_Only
5	9	9614	Benign_Only
1	10	4579	Benign_Only
2	10	6550	Benign_Only
3	10	7288	Benign_Only
4	10	8215	Benign_Only
5	10	9614	Benign_Only
1	11	5569	Benign_Only
2	11	7086	Benign_Only
3	11	8357	Benign_Only
4	11	9157	Benign_Only
5	11	9614	Benign_Only
1	12	4733	Benign_Only
2	12	6550	Benign_Only
3	12	7626	Benign_Only
4	12	9157	Benign_Only
5	12	9614	Benign_Only
1	13	4579	Benign_Only
2	13	7086	Benign_Only
3	13	7732	Benign_Only
4	13	8566	Benign_Only
5	13	9614	Benign_Only
1	14	4733	Benign_Only
2	14	5869	Benign_Only
3	14	7288	Benign_Only
4	14	8215	Benign_Only
5	14	9614	Benign_Only
1	15	4395	Benign_Only
2	15	6940	Benign_Only
3	15	8227	Benign_Only
4	15	9157	Benign_Only
5	15	9614	Benign_Only
1	16	5569	Benign_Only
2	16	7229	Benign_Only
3	16	7882	Benign_Only
4	16	8753	Benign_Only
5	16	9614	Benign_Only
1	17	5569	Benign_Only
2	17	7229	Benign_Only
3	17	7882	Benign_Only
4	17	8888	Benign_Only
5	17	9614	Benign_Only
1	18	4733	Benign_Only
2	18	7229	Benign_Only
3	18	7882	Benign_Only
4	18	8753	Benign_Only
5	18	9614	Benign_Only
1	19	4733	Benign_Only
2	19	5869	Benign_Only
3	19	7882	Benign_Only
4	19	8888	Benign_Only
5	19	9614	Benign_Only
1	20	3514	Benign_Only
2	20	5869	Benign_Only
3	20	7288	Benign_Only
4	20	8215	Benign_Only
5	20	9614	Benign_Only
1	21	3514	Benign_Only
2	21	5670	Benign_Only
3	21	7732	Benign_Only
4	21	8888	Benign_Only
5	21	9614	Benign_Only
1	22	4733	Benign_Only
2	22	5869	Benign_Only
3	22	7122	Benign_Only
4	22	8753	Benign_Only
5	22	9614	Benign_Only
1	23	4579	Benign_Only
2	23	7086	Benign_Only
3	23	8031	Benign_Only
4	23	9157	Benign_Only
5	23	9614	Benign_Only
1	24	5569	Benign_Only
2	24	7229	Benign_Only
3	24	8227	Benign_Only
4	24	9157	Benign_Only
5	24	9614	Benign_Only
1	25	4395	Benign_Only
2	25	6940	Benign_Only
3	25	7591	Benign_Only
4	25	8566	Benign_Only
5	25	9614	Benign_Only
1	26	3514	Benign_Only
2	26	5869	Benign_Only
3	26	7882	Benign_Only
4	26	8888	Benign_Only
5	26	9614	Benign_Only
1	27	3514	Benign_Only
2	27	5501	Benign_Only
3	27	7591	Benign_Only
4	27	8566	Benign_Only
5	27	9614	Benign_Only
1	28	5569	Benign_Only
2	28	7229	Benign_Only
3	28	8227	Benign_Only
4	28	9157	Benign_Only
5	28	9614	Benign_Only
1	29	4579	Benign_Only
2	29	6550	Benign_Only
3	29	7288	Benign_Only
4	29	8215	Benign_Only
5	29	9614	Benign_Only
1	30	4395	Benign_Only
2	30	6120	Benign_Only
3	30	7626	Benign_Only
4	30	8215	Benign_Only
5	30	9614	Benign_Only
1	31	4395	Benign_Only
2	31	5501	Benign_Only
3	31	7122	Benign_Only
4	31	8753	Benign_Only
5	31	9614	Benign_Only
1	32	5569	Benign_Only
2	32	6940	Benign_Only
3	32	8227	Benign_Only
4	32	9157	Benign_Only
5	32	9614	Benign_Only
1	33	4579	Benign_Only
2	33	6120	Benign_Only
3	33	8031	Benign_Only
4	33	8566	Benign_Only
5	33	9614	Benign_Only
1	34	4733	Benign_Only
2	34	7229	Benign_Only
3	34	7882	Benign_Only
4	34	8888	Benign_Only
5	34	9614	Benign_Only
1	35	5569	Benign_Only
2	35	7086	Benign_Only
3	35	7732	Benign_Only
4	35	8888	Benign_Only
5	35	9614	Benign_Only
1	36	5569	Benign_Only
2	36	7229	Benign_Only
3	36	8227	Benign_Only
4	36	8753	Benign_Only
5	36	9614	Benign_Only
1	37	3514	Benign_Only
2	37	5670	Benign_Only
3	37	6865	Benign_Only
4	37	8566	Benign_Only
5	37	9614	Benign_Only
1	38	4579	Benign_Only
2	38	6120	Benign_Only
3	38	7626	Benign_Only
4	38	8215	Benign_Only
5	38	9614	Benign_Only
1	39	5569	Benign_Only
2	39	7086	Benign_Only
3	39	8031	Benign_Only
4	39	8566	Benign_Only
5	39	9614	Benign_Only
1	40	4395	Benign_Only
2	40	6376	Benign_Only
3	40	8227	Benign_Only
4	40	8753	Benign_Only
5	40	9614	Benign_Only
1	41	5569	Benign_Only
2	41	7229	Benign_Only
3	41	8227	Benign_Only
4	41	8753	Benign_Only
5	41	9614	Benign_Only
1	42	4395	Benign_Only
2	42	6940	Benign_Only
3	42	7591	Benign_Only
4	42	8753	Benign_Only
5	42	9614	Benign_Only
1	43	4733	Benign_Only
2	43	6376	Benign_Only
3	43	7626	Benign_Only
4	43	9157	Benign_Only
5	43	9614	Benign_Only
1	44	4733	Benign_Only
2	44	7229	Benign_Only
3	44	8227	Benign_Only
4	44	9157	Benign_Only
5	44	9614	Benign_Only
1	45	5569	Benign_Only
2	45	7229	Benign_Only
3	45	7882	Benign_Only
4	45	8753	Benign_Only
5	45	9614	Benign_Only
1	46	4579	Benign_Only
2	46	6120	Benign_Only
3	46	7626	Benign_Only
4	46	9157	Benign_Only
5	46	9614	Benign_Only
1	47	5569	Benign_Only
2	47	6527	Benign_Only
3	47	7732	Benign_Only
4	47	8888	Benign_Only
5	47	9614	Benign_Only
1	48	4579	Benign_Only
2	48	6550	Benign_Only
3	48	7626	Benign_Only
4	48	9157	Benign_Only
5	48	9614	Benign_Only
1	49	3514	Benign_Only
2	49	5670	Benign_Only
3	49	6865	Benign_Only
4	49	8566	Benign_Only
5	49	9614	Benign_Only
1	50	5569	Benign_Only
2	50	7086	Benign_Only
3	50	8357	Benign_Only
4	50	9157	Benign_Only
5	50	9614	Benign_Only
1	51	3514	Benign_Only
2	51	5670	Benign_Only
3	51	7288	Benign_Only
4	51	8888	Benign_Only
5	51	9614	Benign_Only
1	52	4395	Benign_Only
2	52	6940	Benign_Only
3	52	7591	Benign_Only
4	52	8566	Benign_Only
5	52	9614	Benign_Only
1	53	4733	Benign_Only
2	53	6550	Benign_Only
3	53	8357	Benign_Only
4	53	8888	Benign_Only
5	53	9614	Benign_Only
1	54	4579	Benign_Only
2	54	7086	Benign_Only
3	54	7732	Benign_Only
4	54	8888	Benign_Only
5	54	9614	Benign_Only
1	55	4733	Benign_Only
2	55	5869	Benign_Only
3	55	7288	Benign_Only
4	55	8215	Benign_Only
5	55	9614	Benign_Only
1	56	4733	Benign_Only
2	56	5869	Benign_Only
3	56	7122	Benign_Only
4	56	8753	Benign_Only
5	56	9614	Benign_Only
1	57	5569	Benign_Only
2	57	6940	Benign_Only
3	57	8031	Benign_Only
4	57	9157	Benign_Only
5	57	9614	Benign_Only
1	58	4579	Benign_Only
2	58	6550	Benign_Only
3	58	8357	Benign_Only
4	58	9157	Benign_Only
5	58	9614	Benign_Only
1	59	4579	Benign_Only
2	59	7086	Benign_Only
3	59	8031	Benign_Only
4	59	8566	Benign_Only
5	59	9614	Benign_Only
1	60	5569	Benign_Only
2	60	7229	Benign_Only
3	60	8357	Benign_Only
4	60	9157	Benign_Only
5	60	9614	Benign_Only
1	61	4395	Benign_Only
2	61	6120	Benign_Only
3	61	7626	Benign_Only
4	61	9157	Benign_Only
5	61	9614	Benign_Only
1	62	4395	Benign_Only
2	62	5501	Benign_Only
3	62	7122	Benign_Only
4	62	8753	Benign_Only
5	62	9614	Benign_Only
1	63	4579	Benign_Only
2	63	5670	Benign_Only
3	63	7288	Benign_Only
4	63	8888	Benign_Only
5	63	9614	Benign_Only
1	64	4395	Benign_Only
2	64	6940	Benign_Only
3	64	7591	Benign_Only
4	64	8566	Benign_Only
5	64	9614	Benign_Only
1	65	4395	Benign_Only
2	65	6376	Benign_Only
3	65	8227	Benign_Only
4	65	8753	Benign_Only
5	65	9614	Benign_Only
1	66	5569	Benign_Only
2	66	6527	Benign_Only
3	66	7732	Benign_Only
4	66	8888	Benign_Only
5	66	9614	Benign_Only
1	67	4733	Benign_Only
2	67	7229	Benign_Only
3	67	8357	Benign_Only
4	67	9157	Benign_Only
5	67	9614	Benign_Only
1	68	5569	Benign_Only
2	68	7086	Benign_Only
3	68	8031	Benign_Only
4	68	8566	Benign_Only
5	68	9614	Benign_Only
1	69	5569	Benign_Only
2	69	7086	Benign_Only
3	69	8031	Benign_Only
4	69	8566	Benign_Only
5	69	9614	Benign_Only
1	70	4579	Benign_Only
2	70	6550	Benign_Only
3	70	7288	Benign_Only
4	70	8215	Benign_Only
5	70	9614	Benign_Only
1	71	4733	Benign_Only
2	71	7229	Benign_Only
3	71	8357	Benign_Only
4	71	9157	Benign_Only
5	71	9614	Benign_Only
1	72	3514	Benign_Only
2	72	6527	Benign_Only
3	72	7591	Benign_Only
4	72	8566	Benign_Only
5	72	9614	Benign_Only
1	73	4395	Benign_Only
2	73	6940	Benign_Only
3	73	8031	Benign_Only
4	73	9157	Benign_Only
5	73	9614	Benign_Only
1	74	4733	Benign_Only
2	74	6550	Benign_Only
3	74	7288	Benign_Only
4	74	8215	Benign_Only
5	74	9614	Benign_Only
1	75	5569	Benign_Only
2	75	7229	Benign_Only
3	75	7882	Benign_Only
4	75	8888	Benign_Only
5	75	9614	Benign_Only
1	76	4395	Benign_Only
2	76	6376	Benign_Only
3	76	8227	Benign_Only
4	76	8753	Benign_Only
5	76	9614	Benign_Only
1	77	4733	Benign_Only
2	77	6376	Benign_Only
3	77	7122	Benign_Only
4	77	8753	Benign_Only
5	77	9614	Benign_Only
1	78	4733	Benign_Only
2	78	6550	Benign_Only
3	78	8357	Benign_Only
4	78	9157	Benign_Only
5	78	9614	Benign_Only
1	79	4733	Benign_Only
2	79	6550	Benign_Only
3	79	7626	Benign_Only
4	79	8215	Benign_Only
5	79	9614	Benign_Only
1	80	5569	Benign_Only
2	80	7086	Benign_Only
3	80	8357	Benign_Only
4	80	9157	Benign_Only
5	80	9614	Benign_Only
1	81	4579	Benign_Only
2	81	7086	Benign_Only
3	81	7732	Benign_Only
4	81	8888	Benign_Only
5	81	9614	Benign_Only
1	82	4733	Benign_Only
2	82	5869	Benign_Only
3	82	7882	Benign_Only
4	82	8753	Benign_Only
5	82	9614	Benign_Only
1	83	5569	Benign_Only
2	83	6940	Benign_Only
3	83	7591	Benign_Only
4	83	8566	Benign_Only
5	83	9614	Benign_Only
1	84	3514	Benign_Only
2	84	5869	Benign_Only
3	84	7288	Benign_Only
4	84	8888	Benign_Only
5	84	9614	Benign_Only
1	85	3514	Benign_Only
2	85	5869	Benign_Only
3	85	7122	Benign_Only
4	85	8215	Benign_Only
5	85	9614	Benign_Only
1	86	3514	Benign_Only
2	86	5501	Benign_Only
3	86	6865	Benign_Only
4	86	8566	Benign_Only
5	86	9614	Benign_Only
1	87	3514	Benign_Only
2	87	5670	Benign_Only
3	87	7288	Benign_Only
4	87	8888	Benign_Only
5	87	9614	Benign_Only
1	88	4733	Benign_Only
2	88	6376	Benign_Only
3	88	7122	Benign_Only
4	88	8753	Benign_Only
5	88	9614	Benign_Only
1	89	4579	Benign_Only
2	89	5670	Benign_Only
3	89	6865	Benign_Only
4	89	8215	Benign_Only
5	89	9614	Benign_Only
1	90	3514	Benign_Only
2	90	5670	Benign_Only
3	90	6865	Benign_Only
4	90	8566	Benign_Only
5	90	9614	Benign_Only
1	91	4579	Benign_Only
2	91	6550	Benign_Only
3	91	8357	Benign_Only
4	91	9157	Benign_Only
5	91	9614	Benign_Only
1	92	4395	Benign_Only
2	92	6120	Benign_Only
3	92	8031	Benign_Only
4	92	8566	Benign_Only
5	92	9614	Benign_Only
1	93	3514	Benign_Only
2	93	5869	Benign_Only
3	93	7882	Benign_Only
4	93	8888	Benign_Only
5	93	9614	Benign_Only
1	94	4733	Benign_Only
2	94	6550	Benign_Only
3	94	7626	Benign_Only
4	94	8215	Benign_Only
5	94	9614	Benign_Only
1	95	4579	Benign_Only
2	95	6550	Benign_Only
3	95	7288	Benign_Only
4	95	8215	Benign_Only
5	95	9614	Benign_Only
1	96	4579	Benign_Only
2	96	6550	Benign_Only
3	96	8357	Benign_Only
4	96	9157	Benign_Only
5	96	9614	Benign_Only
1	97	4579	Benign_Only
2	97	7086	Benign_Only
3	97	8357	Benign_Only
4	97	8888	Benign_Only
5	97	9614	Benign_Only
1	98	3514	Benign_Only
2	98	6527	Benign_Only
3	98	7882	Benign_Only
4	98	8753	Benign_Only
5	98	9614	Benign_Only
1	99	4395	Benign_Only
2	99	6376	Benign_Only
3	99	7626	Benign_Only
4	99	9157	Benign_Only
5	99	9614	Benign_Only
1	100	4579	Benign_Only
2	100	5670	Benign_Only
3	100	7288	Benign_Only
4	100	8215	Benign_Only
5	100	9614	Benign_Only
1	1	4687	T2E_Tumour_Only
2	1	5972	T2E_Tumour_Only
3	1	6149	T2E_Tumour_Only
4	1	6739	T2E_Tumour_Only
5	1	8004	T2E_Tumour_Only
6	1	10487	T2E_Tumour_Only
1	2	4527	T2E_Tumour_Only
2	2	5887	T2E_Tumour_Only
3	2	6462	T2E_Tumour_Only
4	2	7880	T2E_Tumour_Only
5	2	8004	T2E_Tumour_Only
6	2	10487	T2E_Tumour_Only
1	3	4687	T2E_Tumour_Only
2	3	4933	T2E_Tumour_Only
3	3	6639	T2E_Tumour_Only
4	3	7546	T2E_Tumour_Only
5	3	10128	T2E_Tumour_Only
6	3	10487	T2E_Tumour_Only
1	4	1286	T2E_Tumour_Only
2	4	7170	T2E_Tumour_Only
3	4	7721	T2E_Tumour_Only
4	4	8812	T2E_Tumour_Only
5	4	9842	T2E_Tumour_Only
6	4	10487	T2E_Tumour_Only
1	5	2451	T2E_Tumour_Only
2	5	5270	T2E_Tumour_Only
3	5	6462	T2E_Tumour_Only
4	5	9434	T2E_Tumour_Only
5	5	9541	T2E_Tumour_Only
6	5	10487	T2E_Tumour_Only
1	6	2451	T2E_Tumour_Only
2	6	4613	T2E_Tumour_Only
3	6	8464	T2E_Tumour_Only
4	6	9434	T2E_Tumour_Only
5	6	10392	T2E_Tumour_Only
6	6	10487	T2E_Tumour_Only
1	7	4527	T2E_Tumour_Only
2	7	5887	T2E_Tumour_Only
3	7	6462	T2E_Tumour_Only
4	7	9434	T2E_Tumour_Only
5	7	9541	T2E_Tumour_Only
6	7	10487	T2E_Tumour_Only
1	8	1286	T2E_Tumour_Only
2	8	4790	T2E_Tumour_Only
3	8	8380	T2E_Tumour_Only
4	8	9464	T2E_Tumour_Only
5	8	10128	T2E_Tumour_Only
6	8	10487	T2E_Tumour_Only
1	9	3645	T2E_Tumour_Only
2	9	5887	T2E_Tumour_Only
3	9	6067	T2E_Tumour_Only
4	9	9144	T2E_Tumour_Only
5	9	9541	T2E_Tumour_Only
6	9	10487	T2E_Tumour_Only
1	10	4687	T2E_Tumour_Only
2	10	5459	T2E_Tumour_Only
3	10	6995	T2E_Tumour_Only
4	10	9737	T2E_Tumour_Only
5	10	10392	T2E_Tumour_Only
6	10	10487	T2E_Tumour_Only
1	11	3645	T2E_Tumour_Only
2	11	5972	T2E_Tumour_Only
3	11	7410	T2E_Tumour_Only
4	11	7546	T2E_Tumour_Only
5	11	10128	T2E_Tumour_Only
6	11	10487	T2E_Tumour_Only
1	12	6993	T2E_Tumour_Only
2	12	7170	T2E_Tumour_Only
3	12	7721	T2E_Tumour_Only
4	12	8586	T2E_Tumour_Only
5	12	9541	T2E_Tumour_Only
6	12	10487	T2E_Tumour_Only
1	13	2451	T2E_Tumour_Only
2	13	5459	T2E_Tumour_Only
3	13	6995	T2E_Tumour_Only
4	13	9737	T2E_Tumour_Only
5	13	9842	T2E_Tumour_Only
6	13	10487	T2E_Tumour_Only
1	14	2451	T2E_Tumour_Only
2	14	5459	T2E_Tumour_Only
3	14	8810	T2E_Tumour_Only
4	14	9539	T2E_Tumour_Only
5	14	9644	T2E_Tumour_Only
6	14	10487	T2E_Tumour_Only
1	15	4687	T2E_Tumour_Only
2	15	4933	T2E_Tumour_Only
3	15	6149	T2E_Tumour_Only
4	15	6739	T2E_Tumour_Only
5	15	9644	T2E_Tumour_Only
6	15	10487	T2E_Tumour_Only
1	16	3645	T2E_Tumour_Only
2	16	5887	T2E_Tumour_Only
3	16	9031	T2E_Tumour_Only
4	16	9434	T2E_Tumour_Only
5	16	9541	T2E_Tumour_Only
6	16	10487	T2E_Tumour_Only
1	17	3645	T2E_Tumour_Only
2	17	4613	T2E_Tumour_Only
3	17	6462	T2E_Tumour_Only
4	17	9434	T2E_Tumour_Only
5	17	9541	T2E_Tumour_Only
6	17	10487	T2E_Tumour_Only
1	18	1286	T2E_Tumour_Only
2	18	4790	T2E_Tumour_Only
3	18	6067	T2E_Tumour_Only
4	18	7546	T2E_Tumour_Only
5	18	10128	T2E_Tumour_Only
6	18	10487	T2E_Tumour_Only
1	19	2451	T2E_Tumour_Only
2	19	4613	T2E_Tumour_Only
3	19	6590	T2E_Tumour_Only
4	19	9539	T2E_Tumour_Only
5	19	10392	T2E_Tumour_Only
6	19	10487	T2E_Tumour_Only
1	20	4687	T2E_Tumour_Only
2	20	4933	T2E_Tumour_Only
3	20	6639	T2E_Tumour_Only
4	20	7546	T2E_Tumour_Only
5	20	8004	T2E_Tumour_Only
6	20	10487	T2E_Tumour_Only
1	21	4527	T2E_Tumour_Only
2	21	6477	T2E_Tumour_Only
3	21	6639	T2E_Tumour_Only
4	21	9464	T2E_Tumour_Only
5	21	10128	T2E_Tumour_Only
6	21	10487	T2E_Tumour_Only
1	22	1286	T2E_Tumour_Only
2	22	4790	T2E_Tumour_Only
3	22	8380	T2E_Tumour_Only
4	22	8812	T2E_Tumour_Only
5	22	9541	T2E_Tumour_Only
6	22	10487	T2E_Tumour_Only
1	23	4687	T2E_Tumour_Only
2	23	8359	T2E_Tumour_Only
3	23	9126	T2E_Tumour_Only
4	23	10029	T2E_Tumour_Only
5	23	10392	T2E_Tumour_Only
6	23	10487	T2E_Tumour_Only
1	24	2451	T2E_Tumour_Only
2	24	4613	T2E_Tumour_Only
3	24	6462	T2E_Tumour_Only
4	24	7880	T2E_Tumour_Only
5	24	10392	T2E_Tumour_Only
6	24	10487	T2E_Tumour_Only
1	25	4527	T2E_Tumour_Only
2	25	6477	T2E_Tumour_Only
3	25	7410	T2E_Tumour_Only
4	25	7880	T2E_Tumour_Only
5	25	10392	T2E_Tumour_Only
6	25	10487	T2E_Tumour_Only
1	26	6993	T2E_Tumour_Only
2	26	7985	T2E_Tumour_Only
3	26	8124	T2E_Tumour_Only
4	26	8586	T2E_Tumour_Only
5	26	9644	T2E_Tumour_Only
6	26	10487	T2E_Tumour_Only
1	27	3645	T2E_Tumour_Only
2	27	7985	T2E_Tumour_Only
3	27	9031	T2E_Tumour_Only
4	27	9434	T2E_Tumour_Only
5	27	9541	T2E_Tumour_Only
6	27	10487	T2E_Tumour_Only
1	28	2451	T2E_Tumour_Only
2	28	7578	T2E_Tumour_Only
3	28	8464	T2E_Tumour_Only
4	28	8586	T2E_Tumour_Only
5	28	9644	T2E_Tumour_Only
6	28	10487	T2E_Tumour_Only
1	29	4527	T2E_Tumour_Only
2	29	8250	T2E_Tumour_Only
3	29	9355	T2E_Tumour_Only
4	29	10029	T2E_Tumour_Only
5	29	10128	T2E_Tumour_Only
6	29	10487	T2E_Tumour_Only
1	30	1286	T2E_Tumour_Only
2	30	2918	T2E_Tumour_Only
3	30	4834	T2E_Tumour_Only
4	30	6739	T2E_Tumour_Only
5	30	8004	T2E_Tumour_Only
6	30	10487	T2E_Tumour_Only
1	31	6993	T2E_Tumour_Only
2	31	7170	T2E_Tumour_Only
3	31	8483	T2E_Tumour_Only
4	31	8927	T2E_Tumour_Only
5	31	9644	T2E_Tumour_Only
6	31	10487	T2E_Tumour_Only
1	32	3645	T2E_Tumour_Only
2	32	5972	T2E_Tumour_Only
3	32	6149	T2E_Tumour_Only
4	32	6739	T2E_Tumour_Only
5	32	9644	T2E_Tumour_Only
6	32	10487	T2E_Tumour_Only
1	33	6993	T2E_Tumour_Only
2	33	7578	T2E_Tumour_Only
3	33	7721	T2E_Tumour_Only
4	33	8586	T2E_Tumour_Only
5	33	9541	T2E_Tumour_Only
6	33	10487	T2E_Tumour_Only
1	34	4527	T2E_Tumour_Only
2	34	4790	T2E_Tumour_Only
3	34	6067	T2E_Tumour_Only
4	34	6618	T2E_Tumour_Only
5	34	8004	T2E_Tumour_Only
6	34	10487	T2E_Tumour_Only
1	35	4687	T2E_Tumour_Only
2	35	5972	T2E_Tumour_Only
3	35	6590	T2E_Tumour_Only
4	35	6739	T2E_Tumour_Only
5	35	9644	T2E_Tumour_Only
6	35	10487	T2E_Tumour_Only
1	36	4687	T2E_Tumour_Only
2	36	6477	T2E_Tumour_Only
3	36	7410	T2E_Tumour_Only
4	36	7880	T2E_Tumour_Only
5	36	10392	T2E_Tumour_Only
6	36	10487	T2E_Tumour_Only
1	37	4527	T2E_Tumour_Only
2	37	8250	T2E_Tumour_Only
3	37	8691	T2E_Tumour_Only
4	37	9737	T2E_Tumour_Only
5	37	10392	T2E_Tumour_Only
6	37	10487	T2E_Tumour_Only
1	38	2451	T2E_Tumour_Only
2	38	2918	T2E_Tumour_Only
3	38	4834	T2E_Tumour_Only
4	38	6739	T2E_Tumour_Only
5	38	8004	T2E_Tumour_Only
6	38	10487	T2E_Tumour_Only
1	39	6993	T2E_Tumour_Only
2	39	7578	T2E_Tumour_Only
3	39	8691	T2E_Tumour_Only
4	39	9434	T2E_Tumour_Only
5	39	9541	T2E_Tumour_Only
6	39	10487	T2E_Tumour_Only
1	40	3645	T2E_Tumour_Only
2	40	7985	T2E_Tumour_Only
3	40	8124	T2E_Tumour_Only
4	40	9144	T2E_Tumour_Only
5	40	10128	T2E_Tumour_Only
6	40	10487	T2E_Tumour_Only
1	41	6993	T2E_Tumour_Only
2	41	8250	T2E_Tumour_Only
3	41	8380	T2E_Tumour_Only
4	41	9144	T2E_Tumour_Only
5	41	10128	T2E_Tumour_Only
6	41	10487	T2E_Tumour_Only
1	42	4687	T2E_Tumour_Only
2	42	8359	T2E_Tumour_Only
3	42	8810	T2E_Tumour_Only
4	42	9737	T2E_Tumour_Only
5	42	10392	T2E_Tumour_Only
6	42	10487	T2E_Tumour_Only
1	43	4687	T2E_Tumour_Only
2	43	8359	T2E_Tumour_Only
3	43	9126	T2E_Tumour_Only
4	43	10029	T2E_Tumour_Only
5	43	10128	T2E_Tumour_Only
6	43	10487	T2E_Tumour_Only
1	44	2451	T2E_Tumour_Only
2	44	5459	T2E_Tumour_Only
3	44	5648	T2E_Tumour_Only
4	44	7139	T2E_Tumour_Only
5	44	8004	T2E_Tumour_Only
6	44	10487	T2E_Tumour_Only
1	45	2451	T2E_Tumour_Only
2	45	2918	T2E_Tumour_Only
3	45	5475	T2E_Tumour_Only
4	45	6618	T2E_Tumour_Only
5	45	8004	T2E_Tumour_Only
6	45	10487	T2E_Tumour_Only
1	46	6993	T2E_Tumour_Only
2	46	8250	T2E_Tumour_Only
3	46	9355	T2E_Tumour_Only
4	46	10029	T2E_Tumour_Only
5	46	10128	T2E_Tumour_Only
6	46	10487	T2E_Tumour_Only
1	47	2451	T2E_Tumour_Only
2	47	5270	T2E_Tumour_Only
3	47	5475	T2E_Tumour_Only
4	47	6618	T2E_Tumour_Only
5	47	9541	T2E_Tumour_Only
6	47	10487	T2E_Tumour_Only
1	48	4687	T2E_Tumour_Only
2	48	6477	T2E_Tumour_Only
3	48	9355	T2E_Tumour_Only
4	48	9464	T2E_Tumour_Only
5	48	9842	T2E_Tumour_Only
6	48	10487	T2E_Tumour_Only
1	49	4527	T2E_Tumour_Only
2	49	4790	T2E_Tumour_Only
3	49	6067	T2E_Tumour_Only
4	49	6618	T2E_Tumour_Only
5	49	9541	T2E_Tumour_Only
6	49	10487	T2E_Tumour_Only
1	50	4687	T2E_Tumour_Only
2	50	5459	T2E_Tumour_Only
3	50	6995	T2E_Tumour_Only
4	50	7880	T2E_Tumour_Only
5	50	10392	T2E_Tumour_Only
6	50	10487	T2E_Tumour_Only
1	51	1286	T2E_Tumour_Only
2	51	3963	T2E_Tumour_Only
3	51	6067	T2E_Tumour_Only
4	51	9144	T2E_Tumour_Only
5	51	10128	T2E_Tumour_Only
6	51	10487	T2E_Tumour_Only
1	52	2451	T2E_Tumour_Only
2	52	2918	T2E_Tumour_Only
3	52	7721	T2E_Tumour_Only
4	52	8812	T2E_Tumour_Only
5	52	9541	T2E_Tumour_Only
6	52	10487	T2E_Tumour_Only
1	53	3645	T2E_Tumour_Only
2	53	5887	T2E_Tumour_Only
3	53	9031	T2E_Tumour_Only
4	53	9434	T2E_Tumour_Only
5	53	10392	T2E_Tumour_Only
6	53	10487	T2E_Tumour_Only
1	54	1286	T2E_Tumour_Only
2	54	4790	T2E_Tumour_Only
3	54	6639	T2E_Tumour_Only
4	54	7139	T2E_Tumour_Only
5	54	8004	T2E_Tumour_Only
6	54	10487	T2E_Tumour_Only
1	55	3645	T2E_Tumour_Only
2	55	5887	T2E_Tumour_Only
3	55	6067	T2E_Tumour_Only
4	55	7546	T2E_Tumour_Only
5	55	8004	T2E_Tumour_Only
6	55	10487	T2E_Tumour_Only
1	56	2451	T2E_Tumour_Only
2	56	5459	T2E_Tumour_Only
3	56	6995	T2E_Tumour_Only
4	56	7880	T2E_Tumour_Only
5	56	10392	T2E_Tumour_Only
6	56	10487	T2E_Tumour_Only
1	57	4527	T2E_Tumour_Only
2	57	4790	T2E_Tumour_Only
3	57	8380	T2E_Tumour_Only
4	57	8812	T2E_Tumour_Only
5	57	9842	T2E_Tumour_Only
6	57	10487	T2E_Tumour_Only
1	58	4687	T2E_Tumour_Only
2	58	5459	T2E_Tumour_Only
3	58	8810	T2E_Tumour_Only
4	58	9737	T2E_Tumour_Only
5	58	10392	T2E_Tumour_Only
6	58	10487	T2E_Tumour_Only
1	59	1286	T2E_Tumour_Only
2	59	2918	T2E_Tumour_Only
3	59	4834	T2E_Tumour_Only
4	59	8586	T2E_Tumour_Only
5	59	9541	T2E_Tumour_Only
6	59	10487	T2E_Tumour_Only
1	60	3645	T2E_Tumour_Only
2	60	5887	T2E_Tumour_Only
3	60	6067	T2E_Tumour_Only
4	60	9144	T2E_Tumour_Only
5	60	10128	T2E_Tumour_Only
6	60	10487	T2E_Tumour_Only
1	61	4527	T2E_Tumour_Only
2	61	6477	T2E_Tumour_Only
3	61	6639	T2E_Tumour_Only
4	61	7139	T2E_Tumour_Only
5	61	8004	T2E_Tumour_Only
6	61	10487	T2E_Tumour_Only
1	62	2451	T2E_Tumour_Only
2	62	2918	T2E_Tumour_Only
3	62	7721	T2E_Tumour_Only
4	62	8812	T2E_Tumour_Only
5	62	9541	T2E_Tumour_Only
6	62	10487	T2E_Tumour_Only
1	63	1286	T2E_Tumour_Only
2	63	3963	T2E_Tumour_Only
3	63	4834	T2E_Tumour_Only
4	63	6618	T2E_Tumour_Only
5	63	9541	T2E_Tumour_Only
6	63	10487	T2E_Tumour_Only
1	64	2451	T2E_Tumour_Only
2	64	2918	T2E_Tumour_Only
3	64	4834	T2E_Tumour_Only
4	64	6739	T2E_Tumour_Only
5	64	9644	T2E_Tumour_Only
6	64	10487	T2E_Tumour_Only
1	65	4527	T2E_Tumour_Only
2	65	4790	T2E_Tumour_Only
3	65	6067	T2E_Tumour_Only
4	65	9144	T2E_Tumour_Only
5	65	9541	T2E_Tumour_Only
6	65	10487	T2E_Tumour_Only
1	66	3645	T2E_Tumour_Only
2	66	3963	T2E_Tumour_Only
3	66	6149	T2E_Tumour_Only
4	66	6739	T2E_Tumour_Only
5	66	8004	T2E_Tumour_Only
6	66	10487	T2E_Tumour_Only
1	67	1286	T2E_Tumour_Only
2	67	3963	T2E_Tumour_Only
3	67	6067	T2E_Tumour_Only
4	67	6618	T2E_Tumour_Only
5	67	8004	T2E_Tumour_Only
6	67	10487	T2E_Tumour_Only
1	68	4527	T2E_Tumour_Only
2	68	8250	T2E_Tumour_Only
3	68	9031	T2E_Tumour_Only
4	68	9144	T2E_Tumour_Only
5	68	10128	T2E_Tumour_Only
6	68	10487	T2E_Tumour_Only
1	69	6993	T2E_Tumour_Only
2	69	7170	T2E_Tumour_Only
3	69	7721	T2E_Tumour_Only
4	69	8812	T2E_Tumour_Only
5	69	9541	T2E_Tumour_Only
6	69	10487	T2E_Tumour_Only
1	70	4687	T2E_Tumour_Only
2	70	4933	T2E_Tumour_Only
3	70	8483	T2E_Tumour_Only
4	70	8927	T2E_Tumour_Only
5	70	9842	T2E_Tumour_Only
6	70	10487	T2E_Tumour_Only
1	71	4527	T2E_Tumour_Only
2	71	4790	T2E_Tumour_Only
3	71	8380	T2E_Tumour_Only
4	71	8812	T2E_Tumour_Only
5	71	9842	T2E_Tumour_Only
6	71	10487	T2E_Tumour_Only
1	72	4527	T2E_Tumour_Only
2	72	5270	T2E_Tumour_Only
3	72	6995	T2E_Tumour_Only
4	72	9737	T2E_Tumour_Only
5	72	10392	T2E_Tumour_Only
6	72	10487	T2E_Tumour_Only
1	73	4687	T2E_Tumour_Only
2	73	5972	T2E_Tumour_Only
3	73	9126	T2E_Tumour_Only
4	73	9238	T2E_Tumour_Only
5	73	10128	T2E_Tumour_Only
6	73	10487	T2E_Tumour_Only
1	74	4687	T2E_Tumour_Only
2	74	4933	T2E_Tumour_Only
3	74	8483	T2E_Tumour_Only
4	74	9238	T2E_Tumour_Only
5	74	10128	T2E_Tumour_Only
6	74	10487	T2E_Tumour_Only
1	75	4527	T2E_Tumour_Only
2	75	5270	T2E_Tumour_Only
3	75	5475	T2E_Tumour_Only
4	75	6618	T2E_Tumour_Only
5	75	8004	T2E_Tumour_Only
6	75	10487	T2E_Tumour_Only
1	76	2451	T2E_Tumour_Only
2	76	7578	T2E_Tumour_Only
3	76	8691	T2E_Tumour_Only
4	76	9434	T2E_Tumour_Only
5	76	9541	T2E_Tumour_Only
6	76	10487	T2E_Tumour_Only
1	77	1286	T2E_Tumour_Only
2	77	4790	T2E_Tumour_Only
3	77	6067	T2E_Tumour_Only
4	77	7546	T2E_Tumour_Only
5	77	8004	T2E_Tumour_Only
6	77	10487	T2E_Tumour_Only
1	78	2451	T2E_Tumour_Only
2	78	5270	T2E_Tumour_Only
3	78	6462	T2E_Tumour_Only
4	78	7880	T2E_Tumour_Only
5	78	8004	T2E_Tumour_Only
6	78	10487	T2E_Tumour_Only
1	79	1286	T2E_Tumour_Only
2	79	2918	T2E_Tumour_Only
3	79	5648	T2E_Tumour_Only
4	79	7139	T2E_Tumour_Only
5	79	9842	T2E_Tumour_Only
6	79	10487	T2E_Tumour_Only
1	80	4527	T2E_Tumour_Only
2	80	5887	T2E_Tumour_Only
3	80	9031	T2E_Tumour_Only
4	80	10029	T2E_Tumour_Only
5	80	10392	T2E_Tumour_Only
6	80	10487	T2E_Tumour_Only
1	81	3645	T2E_Tumour_Only
2	81	5972	T2E_Tumour_Only
3	81	6590	T2E_Tumour_Only
4	81	7880	T2E_Tumour_Only
5	81	10392	T2E_Tumour_Only
6	81	10487	T2E_Tumour_Only
1	82	4687	T2E_Tumour_Only
2	82	4933	T2E_Tumour_Only
3	82	8483	T2E_Tumour_Only
4	82	9238	T2E_Tumour_Only
5	82	10128	T2E_Tumour_Only
6	82	10487	T2E_Tumour_Only
1	83	6993	T2E_Tumour_Only
2	83	8250	T2E_Tumour_Only
3	83	9355	T2E_Tumour_Only
4	83	10029	T2E_Tumour_Only
5	83	10128	T2E_Tumour_Only
6	83	10487	T2E_Tumour_Only
1	84	4687	T2E_Tumour_Only
2	84	6477	T2E_Tumour_Only
3	84	6995	T2E_Tumour_Only
4	84	7880	T2E_Tumour_Only
5	84	10392	T2E_Tumour_Only
6	84	10487	T2E_Tumour_Only
1	85	4527	T2E_Tumour_Only
2	85	6477	T2E_Tumour_Only
3	85	6995	T2E_Tumour_Only
4	85	9737	T2E_Tumour_Only
5	85	9842	T2E_Tumour_Only
6	85	10487	T2E_Tumour_Only
1	86	3645	T2E_Tumour_Only
2	86	3963	T2E_Tumour_Only
3	86	8124	T2E_Tumour_Only
4	86	9144	T2E_Tumour_Only
5	86	10128	T2E_Tumour_Only
6	86	10487	T2E_Tumour_Only
1	87	6993	T2E_Tumour_Only
2	87	7578	T2E_Tumour_Only
3	87	7721	T2E_Tumour_Only
4	87	8812	T2E_Tumour_Only
5	87	9541	T2E_Tumour_Only
6	87	10487	T2E_Tumour_Only
1	88	1286	T2E_Tumour_Only
2	88	3963	T2E_Tumour_Only
3	88	8124	T2E_Tumour_Only
4	88	9144	T2E_Tumour_Only
5	88	9541	T2E_Tumour_Only
6	88	10487	T2E_Tumour_Only
1	89	2451	T2E_Tumour_Only
2	89	5270	T2E_Tumour_Only
3	89	8691	T2E_Tumour_Only
4	89	9434	T2E_Tumour_Only
5	89	9541	T2E_Tumour_Only
6	89	10487	T2E_Tumour_Only
1	90	3645	T2E_Tumour_Only
2	90	4613	T2E_Tumour_Only
3	90	6590	T2E_Tumour_Only
4	90	6739	T2E_Tumour_Only
5	90	9644	T2E_Tumour_Only
6	90	10487	T2E_Tumour_Only
1	91	4687	T2E_Tumour_Only
2	91	4933	T2E_Tumour_Only
3	91	6149	T2E_Tumour_Only
4	91	7546	T2E_Tumour_Only
5	91	8004	T2E_Tumour_Only
6	91	10487	T2E_Tumour_Only
1	92	1286	T2E_Tumour_Only
2	92	7170	T2E_Tumour_Only
3	92	8124	T2E_Tumour_Only
4	92	9238	T2E_Tumour_Only
5	92	9644	T2E_Tumour_Only
6	92	10487	T2E_Tumour_Only
1	93	4527	T2E_Tumour_Only
2	93	8250	T2E_Tumour_Only
3	93	8691	T2E_Tumour_Only
4	93	8812	T2E_Tumour_Only
5	93	9842	T2E_Tumour_Only
6	93	10487	T2E_Tumour_Only
1	94	4527	T2E_Tumour_Only
2	94	8250	T2E_Tumour_Only
3	94	9031	T2E_Tumour_Only
4	94	9144	T2E_Tumour_Only
5	94	9541	T2E_Tumour_Only
6	94	10487	T2E_Tumour_Only
1	95	6993	T2E_Tumour_Only
2	95	8250	T2E_Tumour_Only
3	95	8380	T2E_Tumour_Only
4	95	8812	T2E_Tumour_Only
5	95	9842	T2E_Tumour_Only
6	95	10487	T2E_Tumour_Only
1	96	6993	T2E_Tumour_Only
2	96	8359	T2E_Tumour_Only
3	96	8810	T2E_Tumour_Only
4	96	9539	T2E_Tumour_Only
5	96	10392	T2E_Tumour_Only
6	96	10487	T2E_Tumour_Only
1	97	3645	T2E_Tumour_Only
2	97	3963	T2E_Tumour_Only
3	97	4834	T2E_Tumour_Only
4	97	8586	T2E_Tumour_Only
5	97	9644	T2E_Tumour_Only
6	97	10487	T2E_Tumour_Only
1	98	2451	T2E_Tumour_Only
2	98	5270	T2E_Tumour_Only
3	98	8691	T2E_Tumour_Only
4	98	9737	T2E_Tumour_Only
5	98	9842	T2E_Tumour_Only
6	98	10487	T2E_Tumour_Only
1	99	3645	T2E_Tumour_Only
2	99	3963	T2E_Tumour_Only
3	99	4834	T2E_Tumour_Only
4	99	6618	T2E_Tumour_Only
5	99	9541	T2E_Tumour_Only
6	99	10487	T2E_Tumour_Only
1	100	4687	T2E_Tumour_Only
2	100	5459	T2E_Tumour_Only
3	100	6590	T2E_Tumour_Only
4	100	9539	T2E_Tumour_Only
5	100	10392	T2E_Tumour_Only
6	100	10487	T2E_Tumour_Only
1	1	3569	NonT2E_Tumour_Only
2	1	6713	NonT2E_Tumour_Only
3	1	8178	NonT2E_Tumour_Only
4	1	8416	NonT2E_Tumour_Only
5	1	9146	NonT2E_Tumour_Only
6	1	9260	NonT2E_Tumour_Only
1	2	5003	NonT2E_Tumour_Only
2	2	5414	NonT2E_Tumour_Only
3	2	7708	NonT2E_Tumour_Only
4	2	8516	NonT2E_Tumour_Only
5	2	9146	NonT2E_Tumour_Only
6	2	9260	NonT2E_Tumour_Only
1	3	3953	NonT2E_Tumour_Only
2	3	6396	NonT2E_Tumour_Only
3	3	8277	NonT2E_Tumour_Only
4	3	8921	NonT2E_Tumour_Only
5	3	9041	NonT2E_Tumour_Only
6	3	9260	NonT2E_Tumour_Only
1	4	3569	NonT2E_Tumour_Only
2	4	4095	NonT2E_Tumour_Only
3	4	4403	NonT2E_Tumour_Only
4	4	6654	NonT2E_Tumour_Only
5	4	7659	NonT2E_Tumour_Only
6	4	9260	NonT2E_Tumour_Only
1	5	1651	NonT2E_Tumour_Only
2	5	4443	NonT2E_Tumour_Only
3	5	7111	NonT2E_Tumour_Only
4	5	7883	NonT2E_Tumour_Only
5	5	8029	NonT2E_Tumour_Only
6	5	9260	NonT2E_Tumour_Only
1	6	3953	NonT2E_Tumour_Only
2	6	5382	NonT2E_Tumour_Only
3	6	7632	NonT2E_Tumour_Only
4	6	7786	NonT2E_Tumour_Only
5	6	9041	NonT2E_Tumour_Only
6	6	9260	NonT2E_Tumour_Only
1	7	3953	NonT2E_Tumour_Only
2	7	4443	NonT2E_Tumour_Only
3	7	6690	NonT2E_Tumour_Only
4	7	7524	NonT2E_Tumour_Only
5	7	7659	NonT2E_Tumour_Only
6	7	9260	NonT2E_Tumour_Only
1	8	1421	NonT2E_Tumour_Only
2	8	2354	NonT2E_Tumour_Only
3	8	4403	NonT2E_Tumour_Only
4	8	6654	NonT2E_Tumour_Only
5	8	8540	NonT2E_Tumour_Only
6	8	9260	NonT2E_Tumour_Only
1	9	3569	NonT2E_Tumour_Only
2	9	4095	NonT2E_Tumour_Only
3	9	4403	NonT2E_Tumour_Only
4	9	7160	NonT2E_Tumour_Only
5	9	8029	NonT2E_Tumour_Only
6	9	9260	NonT2E_Tumour_Only
1	10	5003	NonT2E_Tumour_Only
2	10	6396	NonT2E_Tumour_Only
3	10	6569	NonT2E_Tumour_Only
4	10	7407	NonT2E_Tumour_Only
5	10	7659	NonT2E_Tumour_Only
6	10	9260	NonT2E_Tumour_Only
1	11	1421	NonT2E_Tumour_Only
2	11	3946	NonT2E_Tumour_Only
3	11	5606	NonT2E_Tumour_Only
4	11	7786	NonT2E_Tumour_Only
5	11	8029	NonT2E_Tumour_Only
6	11	9260	NonT2E_Tumour_Only
1	12	5722	NonT2E_Tumour_Only
2	12	7438	NonT2E_Tumour_Only
3	12	8277	NonT2E_Tumour_Only
4	12	8921	NonT2E_Tumour_Only
5	12	9146	NonT2E_Tumour_Only
6	12	9260	NonT2E_Tumour_Only
1	13	3953	NonT2E_Tumour_Only
2	13	4443	NonT2E_Tumour_Only
3	13	5728	NonT2E_Tumour_Only
4	13	5935	NonT2E_Tumour_Only
5	13	8029	NonT2E_Tumour_Only
6	13	9260	NonT2E_Tumour_Only
1	14	1651	NonT2E_Tumour_Only
2	14	6071	NonT2E_Tumour_Only
3	14	6286	NonT2E_Tumour_Only
4	14	7160	NonT2E_Tumour_Only
5	14	8029	NonT2E_Tumour_Only
6	14	9260	NonT2E_Tumour_Only
1	15	1651	NonT2E_Tumour_Only
2	15	2354	NonT2E_Tumour_Only
3	15	4403	NonT2E_Tumour_Only
4	15	6654	NonT2E_Tumour_Only
5	15	8540	NonT2E_Tumour_Only
6	15	9260	NonT2E_Tumour_Only
1	16	3953	NonT2E_Tumour_Only
2	16	4316	NonT2E_Tumour_Only
3	16	4743	NonT2E_Tumour_Only
4	16	6849	NonT2E_Tumour_Only
5	16	8640	NonT2E_Tumour_Only
6	16	9260	NonT2E_Tumour_Only
1	17	3953	NonT2E_Tumour_Only
2	17	6828	NonT2E_Tumour_Only
3	17	8277	NonT2E_Tumour_Only
4	17	8921	NonT2E_Tumour_Only
5	17	9041	NonT2E_Tumour_Only
6	17	9260	NonT2E_Tumour_Only
1	18	3569	NonT2E_Tumour_Only
2	18	6713	NonT2E_Tumour_Only
3	18	6895	NonT2E_Tumour_Only
4	18	7786	NonT2E_Tumour_Only
5	18	8029	NonT2E_Tumour_Only
6	18	9260	NonT2E_Tumour_Only
1	19	1421	NonT2E_Tumour_Only
2	19	5963	NonT2E_Tumour_Only
3	19	7593	NonT2E_Tumour_Only
4	19	7851	NonT2E_Tumour_Only
5	19	8540	NonT2E_Tumour_Only
6	19	9260	NonT2E_Tumour_Only
1	20	5722	NonT2E_Tumour_Only
2	20	6828	NonT2E_Tumour_Only
3	20	7632	NonT2E_Tumour_Only
4	20	8921	NonT2E_Tumour_Only
5	20	9041	NonT2E_Tumour_Only
6	20	9260	NonT2E_Tumour_Only
1	21	1651	NonT2E_Tumour_Only
2	21	2354	NonT2E_Tumour_Only
3	21	5620	NonT2E_Tumour_Only
4	21	6654	NonT2E_Tumour_Only
5	21	8540	NonT2E_Tumour_Only
6	21	9260	NonT2E_Tumour_Only
1	22	1421	NonT2E_Tumour_Only
2	22	3946	NonT2E_Tumour_Only
3	22	6365	NonT2E_Tumour_Only
4	22	7407	NonT2E_Tumour_Only
5	22	9041	NonT2E_Tumour_Only
6	22	9260	NonT2E_Tumour_Only
1	23	3569	NonT2E_Tumour_Only
2	23	3946	NonT2E_Tumour_Only
3	23	5606	NonT2E_Tumour_Only
4	23	5935	NonT2E_Tumour_Only
5	23	7659	NonT2E_Tumour_Only
6	23	9260	NonT2E_Tumour_Only
1	24	5003	NonT2E_Tumour_Only
2	24	5414	NonT2E_Tumour_Only
3	24	6690	NonT2E_Tumour_Only
4	24	8516	NonT2E_Tumour_Only
5	24	8640	NonT2E_Tumour_Only
6	24	9260	NonT2E_Tumour_Only
1	25	3953	NonT2E_Tumour_Only
2	25	6828	NonT2E_Tumour_Only
3	25	7632	NonT2E_Tumour_Only
4	25	7883	NonT2E_Tumour_Only
5	25	8029	NonT2E_Tumour_Only
6	25	9260	NonT2E_Tumour_Only
1	26	5003	NonT2E_Tumour_Only
2	26	5245	NonT2E_Tumour_Only
3	26	5620	NonT2E_Tumour_Only
4	26	6849	NonT2E_Tumour_Only
5	26	7659	NonT2E_Tumour_Only
6	26	9260	NonT2E_Tumour_Only
1	27	1651	NonT2E_Tumour_Only
2	27	4443	NonT2E_Tumour_Only
3	27	7111	NonT2E_Tumour_Only
4	27	7883	NonT2E_Tumour_Only
5	27	8029	NonT2E_Tumour_Only
6	27	9260	NonT2E_Tumour_Only
1	28	1421	NonT2E_Tumour_Only
2	28	4316	NonT2E_Tumour_Only
3	28	5606	NonT2E_Tumour_Only
4	28	7407	NonT2E_Tumour_Only
5	28	7659	NonT2E_Tumour_Only
6	28	9260	NonT2E_Tumour_Only
1	29	5003	NonT2E_Tumour_Only
2	29	6191	NonT2E_Tumour_Only
3	29	6365	NonT2E_Tumour_Only
4	29	8310	NonT2E_Tumour_Only
5	29	8540	NonT2E_Tumour_Only
6	29	9260	NonT2E_Tumour_Only
1	30	5722	NonT2E_Tumour_Only
2	30	6828	NonT2E_Tumour_Only
3	30	7008	NonT2E_Tumour_Only
4	30	7278	NonT2E_Tumour_Only
5	30	8029	NonT2E_Tumour_Only
6	30	9260	NonT2E_Tumour_Only
1	31	5003	NonT2E_Tumour_Only
2	31	5245	NonT2E_Tumour_Only
3	31	7593	NonT2E_Tumour_Only
4	31	8310	NonT2E_Tumour_Only
5	31	9041	NonT2E_Tumour_Only
6	31	9260	NonT2E_Tumour_Only
1	32	3953	NonT2E_Tumour_Only
2	32	6396	NonT2E_Tumour_Only
3	32	8277	NonT2E_Tumour_Only
4	32	8409	NonT2E_Tumour_Only
5	32	8640	NonT2E_Tumour_Only
6	32	9260	NonT2E_Tumour_Only
1	33	1651	NonT2E_Tumour_Only
2	33	4443	NonT2E_Tumour_Only
3	33	4743	NonT2E_Tumour_Only
4	33	7278	NonT2E_Tumour_Only
5	33	8640	NonT2E_Tumour_Only
6	33	9260	NonT2E_Tumour_Only
1	34	1651	NonT2E_Tumour_Only
2	34	4095	NonT2E_Tumour_Only
3	34	6990	NonT2E_Tumour_Only
4	34	7883	NonT2E_Tumour_Only
5	34	9146	NonT2E_Tumour_Only
6	34	9260	NonT2E_Tumour_Only
1	35	3953	NonT2E_Tumour_Only
2	35	6396	NonT2E_Tumour_Only
3	35	6569	NonT2E_Tumour_Only
4	35	6849	NonT2E_Tumour_Only
5	35	7659	NonT2E_Tumour_Only
6	35	9260	NonT2E_Tumour_Only
1	36	1421	NonT2E_Tumour_Only
2	36	4316	NonT2E_Tumour_Only
3	36	5606	NonT2E_Tumour_Only
4	36	5935	NonT2E_Tumour_Only
5	36	7659	NonT2E_Tumour_Only
6	36	9260	NonT2E_Tumour_Only
1	37	1421	NonT2E_Tumour_Only
2	37	3946	NonT2E_Tumour_Only
3	37	6895	NonT2E_Tumour_Only
4	37	7160	NonT2E_Tumour_Only
5	37	8540	NonT2E_Tumour_Only
6	37	9260	NonT2E_Tumour_Only
1	38	1651	NonT2E_Tumour_Only
2	38	4443	NonT2E_Tumour_Only
3	38	4743	NonT2E_Tumour_Only
4	38	7278	NonT2E_Tumour_Only
5	38	8640	NonT2E_Tumour_Only
6	38	9260	NonT2E_Tumour_Only
1	39	1421	NonT2E_Tumour_Only
2	39	5245	NonT2E_Tumour_Only
3	39	5620	NonT2E_Tumour_Only
4	39	7851	NonT2E_Tumour_Only
5	39	8540	NonT2E_Tumour_Only
6	39	9260	NonT2E_Tumour_Only
1	40	3953	NonT2E_Tumour_Only
2	40	4443	NonT2E_Tumour_Only
3	40	5728	NonT2E_Tumour_Only
4	40	7883	NonT2E_Tumour_Only
5	40	9146	NonT2E_Tumour_Only
6	40	9260	NonT2E_Tumour_Only
1	41	5722	NonT2E_Tumour_Only
2	41	6071	NonT2E_Tumour_Only
3	41	7111	NonT2E_Tumour_Only
4	41	7278	NonT2E_Tumour_Only
5	41	8029	NonT2E_Tumour_Only
6	41	9260	NonT2E_Tumour_Only
1	42	1651	NonT2E_Tumour_Only
2	42	4443	NonT2E_Tumour_Only
3	42	5728	NonT2E_Tumour_Only
4	42	7883	NonT2E_Tumour_Only
5	42	9146	NonT2E_Tumour_Only
6	42	9260	NonT2E_Tumour_Only
1	43	3569	NonT2E_Tumour_Only
2	43	6191	NonT2E_Tumour_Only
3	43	8178	NonT2E_Tumour_Only
4	43	8416	NonT2E_Tumour_Only
5	43	8540	NonT2E_Tumour_Only
6	43	9260	NonT2E_Tumour_Only
1	44	5722	NonT2E_Tumour_Only
2	44	6071	NonT2E_Tumour_Only
3	44	7708	NonT2E_Tumour_Only
4	44	8516	NonT2E_Tumour_Only
5	44	8640	NonT2E_Tumour_Only
6	44	9260	NonT2E_Tumour_Only
1	45	1651	NonT2E_Tumour_Only
2	45	5414	NonT2E_Tumour_Only
3	45	7708	NonT2E_Tumour_Only
4	45	8516	NonT2E_Tumour_Only
5	45	8640	NonT2E_Tumour_Only
6	45	9260	NonT2E_Tumour_Only
1	46	1651	NonT2E_Tumour_Only
2	46	4095	NonT2E_Tumour_Only
3	46	6990	NonT2E_Tumour_Only
4	46	7883	NonT2E_Tumour_Only
5	46	8029	NonT2E_Tumour_Only
6	46	9260	NonT2E_Tumour_Only
1	47	1651	NonT2E_Tumour_Only
2	47	2354	NonT2E_Tumour_Only
3	47	4403	NonT2E_Tumour_Only
4	47	7160	NonT2E_Tumour_Only
5	47	8029	NonT2E_Tumour_Only
6	47	9260	NonT2E_Tumour_Only
1	48	5003	NonT2E_Tumour_Only
2	48	7438	NonT2E_Tumour_Only
3	48	8178	NonT2E_Tumour_Only
4	48	8416	NonT2E_Tumour_Only
5	48	9146	NonT2E_Tumour_Only
6	48	9260	NonT2E_Tumour_Only
1	49	3569	NonT2E_Tumour_Only
2	49	6191	NonT2E_Tumour_Only
3	49	6365	NonT2E_Tumour_Only
4	49	7407	NonT2E_Tumour_Only
5	49	9041	NonT2E_Tumour_Only
6	49	9260	NonT2E_Tumour_Only
1	50	5003	NonT2E_Tumour_Only
2	50	5245	NonT2E_Tumour_Only
3	50	5620	NonT2E_Tumour_Only
4	50	7851	NonT2E_Tumour_Only
5	50	8640	NonT2E_Tumour_Only
6	50	9260	NonT2E_Tumour_Only
1	51	5722	NonT2E_Tumour_Only
2	51	7438	NonT2E_Tumour_Only
3	51	7708	NonT2E_Tumour_Only
4	51	8416	NonT2E_Tumour_Only
5	51	9146	NonT2E_Tumour_Only
6	51	9260	NonT2E_Tumour_Only
1	52	3953	NonT2E_Tumour_Only
2	52	5382	NonT2E_Tumour_Only
3	52	7632	NonT2E_Tumour_Only
4	52	7786	NonT2E_Tumour_Only
5	52	9041	NonT2E_Tumour_Only
6	52	9260	NonT2E_Tumour_Only
1	53	3569	NonT2E_Tumour_Only
2	53	4095	NonT2E_Tumour_Only
3	53	5728	NonT2E_Tumour_Only
4	53	7524	NonT2E_Tumour_Only
5	53	9146	NonT2E_Tumour_Only
6	53	9260	NonT2E_Tumour_Only
1	54	3953	NonT2E_Tumour_Only
2	54	5382	NonT2E_Tumour_Only
3	54	5728	NonT2E_Tumour_Only
4	54	7883	NonT2E_Tumour_Only
5	54	9146	NonT2E_Tumour_Only
6	54	9260	NonT2E_Tumour_Only
1	55	1651	NonT2E_Tumour_Only
2	55	5414	NonT2E_Tumour_Only
3	55	5620	NonT2E_Tumour_Only
4	55	6654	NonT2E_Tumour_Only
5	55	7659	NonT2E_Tumour_Only
6	55	9260	NonT2E_Tumour_Only
1	56	1651	NonT2E_Tumour_Only
2	56	6071	NonT2E_Tumour_Only
3	56	7708	NonT2E_Tumour_Only
4	56	8516	NonT2E_Tumour_Only
5	56	9146	NonT2E_Tumour_Only
6	56	9260	NonT2E_Tumour_Only
1	57	5003	NonT2E_Tumour_Only
2	57	5245	NonT2E_Tumour_Only
3	57	6569	NonT2E_Tumour_Only
4	57	7407	NonT2E_Tumour_Only
5	57	7659	NonT2E_Tumour_Only
6	57	9260	NonT2E_Tumour_Only
1	58	1651	NonT2E_Tumour_Only
2	58	4443	NonT2E_Tumour_Only
3	58	6690	NonT2E_Tumour_Only
4	58	7524	NonT2E_Tumour_Only
5	58	9146	NonT2E_Tumour_Only
6	58	9260	NonT2E_Tumour_Only
1	59	3953	NonT2E_Tumour_Only
2	59	6828	NonT2E_Tumour_Only
3	59	8277	NonT2E_Tumour_Only
4	59	8516	NonT2E_Tumour_Only
5	59	8640	NonT2E_Tumour_Only
6	59	9260	NonT2E_Tumour_Only
1	60	3953	NonT2E_Tumour_Only
2	60	5382	NonT2E_Tumour_Only
3	60	5728	NonT2E_Tumour_Only
4	60	5935	NonT2E_Tumour_Only
5	60	8029	NonT2E_Tumour_Only
6	60	9260	NonT2E_Tumour_Only
1	61	3569	NonT2E_Tumour_Only
2	61	4095	NonT2E_Tumour_Only
3	61	6496	NonT2E_Tumour_Only
4	61	6654	NonT2E_Tumour_Only
5	61	7659	NonT2E_Tumour_Only
6	61	9260	NonT2E_Tumour_Only
1	62	1421	NonT2E_Tumour_Only
2	62	5245	NonT2E_Tumour_Only
3	62	6365	NonT2E_Tumour_Only
4	62	7407	NonT2E_Tumour_Only
5	62	9041	NonT2E_Tumour_Only
6	62	9260	NonT2E_Tumour_Only
1	63	3569	NonT2E_Tumour_Only
2	63	5382	NonT2E_Tumour_Only
3	63	5728	NonT2E_Tumour_Only
4	63	5935	NonT2E_Tumour_Only
5	63	7659	NonT2E_Tumour_Only
6	63	9260	NonT2E_Tumour_Only
1	64	1651	NonT2E_Tumour_Only
2	64	5414	NonT2E_Tumour_Only
3	64	7708	NonT2E_Tumour_Only
4	64	8516	NonT2E_Tumour_Only
5	64	9146	NonT2E_Tumour_Only
6	64	9260	NonT2E_Tumour_Only
1	65	3953	NonT2E_Tumour_Only
2	65	4443	NonT2E_Tumour_Only
3	65	4743	NonT2E_Tumour_Only
4	65	7278	NonT2E_Tumour_Only
5	65	8029	NonT2E_Tumour_Only
6	65	9260	NonT2E_Tumour_Only
1	66	1651	NonT2E_Tumour_Only
2	66	4095	NonT2E_Tumour_Only
3	66	4403	NonT2E_Tumour_Only
4	66	5935	NonT2E_Tumour_Only
5	66	7659	NonT2E_Tumour_Only
6	66	9260	NonT2E_Tumour_Only
1	67	1651	NonT2E_Tumour_Only
2	67	5414	NonT2E_Tumour_Only
3	67	6690	NonT2E_Tumour_Only
4	67	6849	NonT2E_Tumour_Only
5	67	7659	NonT2E_Tumour_Only
6	67	9260	NonT2E_Tumour_Only
1	68	1651	NonT2E_Tumour_Only
2	68	4443	NonT2E_Tumour_Only
3	68	6690	NonT2E_Tumour_Only
4	68	7524	NonT2E_Tumour_Only
5	68	9146	NonT2E_Tumour_Only
6	68	9260	NonT2E_Tumour_Only
1	69	5722	NonT2E_Tumour_Only
2	69	6828	NonT2E_Tumour_Only
3	69	7008	NonT2E_Tumour_Only
4	69	7786	NonT2E_Tumour_Only
5	69	8029	NonT2E_Tumour_Only
6	69	9260	NonT2E_Tumour_Only
1	70	1421	NonT2E_Tumour_Only
2	70	2354	NonT2E_Tumour_Only
3	70	4403	NonT2E_Tumour_Only
4	70	6654	NonT2E_Tumour_Only
5	70	7659	NonT2E_Tumour_Only
6	70	9260	NonT2E_Tumour_Only
1	71	1651	NonT2E_Tumour_Only
2	71	5414	NonT2E_Tumour_Only
3	71	6690	NonT2E_Tumour_Only
4	71	6849	NonT2E_Tumour_Only
5	71	8640	NonT2E_Tumour_Only
6	71	9260	NonT2E_Tumour_Only
1	72	1421	NonT2E_Tumour_Only
2	72	4316	NonT2E_Tumour_Only
3	72	6569	NonT2E_Tumour_Only
4	72	6849	NonT2E_Tumour_Only
5	72	7659	NonT2E_Tumour_Only
6	72	9260	NonT2E_Tumour_Only
1	73	1421	NonT2E_Tumour_Only
2	73	2354	NonT2E_Tumour_Only
3	73	5620	NonT2E_Tumour_Only
4	73	6849	NonT2E_Tumour_Only
5	73	8640	NonT2E_Tumour_Only
6	73	9260	NonT2E_Tumour_Only
1	74	5003	NonT2E_Tumour_Only
2	74	6396	NonT2E_Tumour_Only
3	74	6690	NonT2E_Tumour_Only
4	74	6849	NonT2E_Tumour_Only
5	74	8640	NonT2E_Tumour_Only
6	74	9260	NonT2E_Tumour_Only
1	75	3953	NonT2E_Tumour_Only
2	75	4316	NonT2E_Tumour_Only
3	75	6569	NonT2E_Tumour_Only
4	75	8409	NonT2E_Tumour_Only
5	75	8640	NonT2E_Tumour_Only
6	75	9260	NonT2E_Tumour_Only
1	76	3953	NonT2E_Tumour_Only
2	76	6396	NonT2E_Tumour_Only
3	76	6569	NonT2E_Tumour_Only
4	76	7407	NonT2E_Tumour_Only
5	76	9041	NonT2E_Tumour_Only
6	76	9260	NonT2E_Tumour_Only
1	77	1421	NonT2E_Tumour_Only
2	77	5963	NonT2E_Tumour_Only
3	77	7008	NonT2E_Tumour_Only
4	77	8409	NonT2E_Tumour_Only
5	77	9041	NonT2E_Tumour_Only
6	77	9260	NonT2E_Tumour_Only
1	78	5722	NonT2E_Tumour_Only
2	78	7438	NonT2E_Tumour_Only
3	78	7708	NonT2E_Tumour_Only
4	78	8516	NonT2E_Tumour_Only
5	78	8640	NonT2E_Tumour_Only
6	78	9260	NonT2E_Tumour_Only
1	79	1421	NonT2E_Tumour_Only
2	79	2354	NonT2E_Tumour_Only
3	79	6286	NonT2E_Tumour_Only
4	79	7851	NonT2E_Tumour_Only
5	79	8640	NonT2E_Tumour_Only
6	79	9260	NonT2E_Tumour_Only
1	80	3569	NonT2E_Tumour_Only
2	80	6191	NonT2E_Tumour_Only
3	80	8178	NonT2E_Tumour_Only
4	80	8310	NonT2E_Tumour_Only
5	80	9041	NonT2E_Tumour_Only
6	80	9260	NonT2E_Tumour_Only
1	81	1421	NonT2E_Tumour_Only
2	81	2354	NonT2E_Tumour_Only
3	81	5620	NonT2E_Tumour_Only
4	81	6654	NonT2E_Tumour_Only
5	81	8540	NonT2E_Tumour_Only
6	81	9260	NonT2E_Tumour_Only
1	82	3569	NonT2E_Tumour_Only
2	82	6191	NonT2E_Tumour_Only
3	82	6496	NonT2E_Tumour_Only
4	82	6654	NonT2E_Tumour_Only
5	82	8540	NonT2E_Tumour_Only
6	82	9260	NonT2E_Tumour_Only
1	83	1651	NonT2E_Tumour_Only
2	83	4443	NonT2E_Tumour_Only
3	83	7111	NonT2E_Tumour_Only
4	83	8516	NonT2E_Tumour_Only
5	83	9146	NonT2E_Tumour_Only
6	83	9260	NonT2E_Tumour_Only
1	84	3569	NonT2E_Tumour_Only
2	84	5382	NonT2E_Tumour_Only
3	84	7262	NonT2E_Tumour_Only
4	84	7407	NonT2E_Tumour_Only
5	84	9041	NonT2E_Tumour_Only
6	84	9260	NonT2E_Tumour_Only
1	85	3953	NonT2E_Tumour_Only
2	85	6396	NonT2E_Tumour_Only
3	85	6690	NonT2E_Tumour_Only
4	85	7524	NonT2E_Tumour_Only
5	85	7659	NonT2E_Tumour_Only
6	85	9260	NonT2E_Tumour_Only
1	86	1651	NonT2E_Tumour_Only
2	86	5414	NonT2E_Tumour_Only
3	86	6690	NonT2E_Tumour_Only
4	86	6849	NonT2E_Tumour_Only
5	86	8640	NonT2E_Tumour_Only
6	86	9260	NonT2E_Tumour_Only
1	87	1421	NonT2E_Tumour_Only
2	87	2354	NonT2E_Tumour_Only
3	87	5620	NonT2E_Tumour_Only
4	87	6849	NonT2E_Tumour_Only
5	87	8640	NonT2E_Tumour_Only
6	87	9260	NonT2E_Tumour_Only
1	88	3953	NonT2E_Tumour_Only
2	88	4443	NonT2E_Tumour_Only
3	88	5728	NonT2E_Tumour_Only
4	88	5935	NonT2E_Tumour_Only
5	88	7659	NonT2E_Tumour_Only
6	88	9260	NonT2E_Tumour_Only
1	89	1651	NonT2E_Tumour_Only
2	89	4095	NonT2E_Tumour_Only
3	89	5728	NonT2E_Tumour_Only
4	89	7524	NonT2E_Tumour_Only
5	89	9146	NonT2E_Tumour_Only
6	89	9260	NonT2E_Tumour_Only
1	90	5003	NonT2E_Tumour_Only
2	90	6396	NonT2E_Tumour_Only
3	90	8277	NonT2E_Tumour_Only
4	90	8921	NonT2E_Tumour_Only
5	90	9146	NonT2E_Tumour_Only
6	90	9260	NonT2E_Tumour_Only
1	91	5003	NonT2E_Tumour_Only
2	91	5245	NonT2E_Tumour_Only
3	91	7593	NonT2E_Tumour_Only
4	91	8310	NonT2E_Tumour_Only
5	91	8540	NonT2E_Tumour_Only
6	91	9260	NonT2E_Tumour_Only
1	92	1421	NonT2E_Tumour_Only
2	92	3946	NonT2E_Tumour_Only
3	92	6895	NonT2E_Tumour_Only
4	92	8310	NonT2E_Tumour_Only
5	92	8540	NonT2E_Tumour_Only
6	92	9260	NonT2E_Tumour_Only
1	93	5003	NonT2E_Tumour_Only
2	93	6191	NonT2E_Tumour_Only
3	93	7262	NonT2E_Tumour_Only
4	93	8921	NonT2E_Tumour_Only
5	93	9041	NonT2E_Tumour_Only
6	93	9260	NonT2E_Tumour_Only
1	94	5003	NonT2E_Tumour_Only
2	94	5245	NonT2E_Tumour_Only
3	94	6365	NonT2E_Tumour_Only
4	94	6654	NonT2E_Tumour_Only
5	94	8540	NonT2E_Tumour_Only
6	94	9260	NonT2E_Tumour_Only
1	95	1421	NonT2E_Tumour_Only
2	95	4316	NonT2E_Tumour_Only
3	95	5606	NonT2E_Tumour_Only
4	95	7407	NonT2E_Tumour_Only
5	95	7659	NonT2E_Tumour_Only
6	95	9260	NonT2E_Tumour_Only
1	96	5003	NonT2E_Tumour_Only
2	96	7438	NonT2E_Tumour_Only
3	96	7593	NonT2E_Tumour_Only
4	96	7851	NonT2E_Tumour_Only
5	96	8540	NonT2E_Tumour_Only
6	96	9260	NonT2E_Tumour_Only
1	97	3569	NonT2E_Tumour_Only
2	97	6713	NonT2E_Tumour_Only
3	97	6990	NonT2E_Tumour_Only
4	97	8416	NonT2E_Tumour_Only
5	97	9146	NonT2E_Tumour_Only
6	97	9260	NonT2E_Tumour_Only
1	98	5003	NonT2E_Tumour_Only
2	98	7438	NonT2E_Tumour_Only
3	98	7593	NonT2E_Tumour_Only
4	98	7851	NonT2E_Tumour_Only
5	98	8540	NonT2E_Tumour_Only
6	98	9260	NonT2E_Tumour_Only
1	99	1651	NonT2E_Tumour_Only
2	99	4443	NonT2E_Tumour_Only
3	99	6690	NonT2E_Tumour_Only
4	99	7524	NonT2E_Tumour_Only
5	99	9146	NonT2E_Tumour_Only
6	99	9260	NonT2E_Tumour_Only
1	100	1651	NonT2E_Tumour_Only
2	100	4443	NonT2E_Tumour_Only
3	100	4743	NonT2E_Tumour_Only
4	100	6849	NonT2E_Tumour_Only
5	100	8640	NonT2E_Tumour_Only
6	100	9260	NonT2E_Tumour_Only
