score	chr1	start1	end1	strand1	chr2	start2	end2	strand2	resolution	cell_line	type	
73.955699999999993	chr19	56840000	57040000	+	chr10	13690000	13840000	+	10kb	SK-N-DZ	translocation	
257.51100000000002	chr9	29520000	29850000	-	chr3	35940000	36300000	+	10kb	SK-N-DZ	translocation	
60.759599999999999	chr11	83700000	84700000	+	chr19	57100000	57400000	-	100kb	SK-N-DZ	translocation	
256.87099999999998	chr11	99100000	99900000	+	chr10	10400000	11300000	+	100kb	SK-N-DZ	translocation	
206.63300000000001	chr19	1500000	1900000	-	chr14	88800000	89900000	+	100kb	SK-N-DZ	translocation	
218.286	chr3	84400000	85000000	+	chr10	115500000	116600000	+	100kb	SK-N-DZ	translocation	
425.52100000000002	chr14	45300000	45800000	+	chr18	64400000	66000000	-	100kb	SK-N-DZ	translocation	
64.295500000000004	chr11	91000000	96000000	-	chr9	107000000	114000000	-	1Mb	SK-N-DZ	translocation	
45.023600000000002	chr11	88300000	88580000	-	chr11	96070000	96140000	+	10kb	SK-N-DZ	tandem_duplication	
75.186999999999998	chr9	20140000	20400000	+	chr9	36900000	37060000	-	10kb	SK-N-DZ	deletion	
64.822299999999998	chr2	43270000	43340000	-	chr2	225860000	226180000	-	10kb	SK-N-DZ	tandem_duplication	
81.314800000000005	chr2	133630000	133790000	-	chr2	198400000	198700000	+	10kb	SK-N-DZ	tandem_duplication	
58.593200000000003	chr2	96270000	96370000	+	chr2	180230000	180550000	+	10kb	SK-N-DZ	tandem_duplication	
53.404299999999999	chr2	14630000	14700000	-	chr2	176570000	176800000	-	10kb	SK-N-DZ	tandem_duplication	
95.251199999999997	chr2	9240000	9440000	-	chr2	120810000	121100000	-	10kb	SK-N-DZ	tandem_duplication	
84.596400000000003	chr2	78980000	79090000	-	chr2	133400000	133600000	-	10kb	SK-N-DZ	tandem_duplication	
87.699299999999994	chr2	128070000	128390000	+	chr2	232820000	232980000	+	10kb	SK-N-DZ	tandem_duplication	
37.9953	chr2	1820000	1860000	-	chr2	159600000	160060000	-	10kb	SK-N-DZ	tandem_duplication	
45.4437	chr2	47080000	47240000	-	chr2	175990000	176070000	+	10kb	SK-N-DZ	tandem_duplication	
44.503300000000003	chr2	150580000	150700000	-	chr2	165100000	165230000	+	10kb	SK-N-DZ	tandem_duplication	
37.203200000000002	chr2	60960000	61030000	-	chr2	150700000	150830000	+	10kb	SK-N-DZ	tandem_duplication	
37.746099999999998	chr2	155340000	155460000	+	chr2	202000000	202180000	-	10kb	SK-N-DZ	deletion	
86.629900000000006	chr2	68420000	68590000	-	chr2	180080000	180230000	-	10kb	SK-N-DZ	tandem_duplication	
169.98	chr2	171500000	172000000	-	chr2	221900000	222600000	+	100kb	SK-N-DZ	tandem_duplication	
158.15	chr2	11700000	12700000	+	chr2	176100000	176600000	-	100kb	SK-N-DZ	deletion	
152.57599999999999	chr2	52200000	53600000	-	chr2	172100000	172500000	-	100kb	SK-N-DZ	tandem_duplication	
148.29499999999999	chr2	59500000	60100000	-	chr2	181300000	181900000	-	100kb	SK-N-DZ	tandem_duplication	
143.56200000000001	chr2	74900000	75400000	+	chr2	211800000	212600000	+	100kb	SK-N-DZ	tandem_duplication	
124.946	chr2	67500000	68000000	+	chr2	194900000	195700000	-	100kb	SK-N-DZ	deletion	
119.389	chr2	45800000	46300000	+	chr2	175200000	175800000	+	100kb	SK-N-DZ	tandem_duplication	
116.554	chr2	16200000	16800000	-	chr2	60100000	60700000	-	100kb	SK-N-DZ	tandem_duplication	
102.873	chr2	59500000	60200000	+	chr2	186500000	186800000	-	100kb	SK-N-DZ	deletion	
102.77200000000001	chr2	100300000	100800000	-	chr2	186800000	187500000	-	100kb	SK-N-DZ	tandem_duplication	
97.381900000000002	chr2	0	600000	+	chr2	171000000	171600000	-	100kb	SK-N-DZ	deletion	
88.055999999999997	chr2	37800000	38000000	-	chr2	172700000	174000000	+	100kb	SK-N-DZ	tandem_duplication	
84.659400000000005	chr2	31400000	32000000	+	chr2	51400000	52200000	-	100kb	SK-N-DZ	deletion	
83.863299999999995	chr2	118900000	119400000	+	chr2	214000000	214800000	+	100kb	SK-N-DZ	tandem_duplication	
83.630600000000001	chr2	33600000	34600000	-	chr2	96500000	96900000	+	100kb	SK-N-DZ	tandem_duplication	
80.153499999999994	chr2	154700000	155200000	+	chr2	240000000	240300000	-	100kb	SK-N-DZ	deletion	
74.846500000000006	chr2	151200000	152000000	-	chr2	201600000	202000000	+	100kb	SK-N-DZ	tandem_duplication	
65.514399999999995	chr2	133400000	133600000	+	chr2	165600000	166200000	-	100kb	SK-N-DZ	deletion	
64.906499999999994	chr2	18500000	18800000	+	chr2	74100000	74600000	-	100kb	SK-N-DZ	deletion	
64.906099999999995	chr2	126400000	127100000	-	chr2	232100000	232500000	+	100kb	SK-N-DZ	tandem_duplication	
63.8354	chr2	12700000	13100000	-	chr2	54600000	55200000	+	100kb	SK-N-DZ	tandem_duplication	
63.296500000000002	chr2	7200000	8400000	+	chr2	203800000	204100000	-	100kb	SK-N-DZ	deletion	
61.5533	chr2	110800000	111800000	-	chr2	240700000	241000000	+	100kb	SK-N-DZ	tandem_duplication	
61.410699999999999	chr2	1400000	1600000	+	chr2	125200000	126400000	+	100kb	SK-N-DZ	tandem_duplication	
60.213799999999999	chr2	9000000	9200000	+	chr2	198700000	199800000	-	100kb	SK-N-DZ	deletion	
59.576799999999999	chr2	105100000	105300000	-	chr2	203200000	203900000	+	100kb	SK-N-DZ	tandem_duplication	
59.474400000000003	chr2	154300000	154700000	+	chr2	237800000	238200000	-	100kb	SK-N-DZ	deletion	
53.207799999999999	chr2	64400000	64600000	+	chr2	99400000	100400000	+	100kb	SK-N-DZ	tandem_duplication	
50.953099999999999	chr2	60400000	60700000	+	chr2	180900000	181300000	+	100kb	SK-N-DZ	tandem_duplication	
49.205300000000001	chr2	96400000	96700000	-	chr2	130200000	131100000	-	100kb	SK-N-DZ	tandem_duplication	
47.226599999999998	chr2	69900000	70200000	-	chr2	78300000	79000000	+	100kb	SK-N-DZ	tandem_duplication	
47.181899999999999	chr2	43400000	43700000	+	chr2	205900000	206700000	+	100kb	SK-N-DZ	tandem_duplication	
47.150399999999998	chr2	178500000	179500000	+	chr2	237000000	237100000	-	100kb	SK-N-DZ	deletion	
764.34900000000005	chr4	73690000	74330000	+	chr3	123880000	124660000	+	10kb	PC3	translocation	
212.29599999999999	chr4	70500000	70690000	+	chr3	117170000	118000000	+	10kb	PC3	translocation	
163.54	chr4	68380000	68540000	-	chr1	43520000	43990000	+	10kb	PC3	translocation	
60.603700000000003	chr4	70180000	70670000	+	chr10	18370000	18470000	-	10kb	PC3	translocation	
562.41399999999999	chr4	146030000	146900000	+	chr18	52030000	52910000	-	10kb	PC3	translocation	
717.17200000000003	chr4	140830000	141270000	-	chr18	30210000	31100000	+	10kb	PC3	translocation	
599.245	chr13	19980000	20950000	+	chr17	36940000	37350000	+	10kb	PC3	translocation	
2374.9	chr15	45080000	45520000	+	chr17	43490000	44370000	-	10kb	PC3	translocation	
731.20500000000004	chr15	44090000	44810000	+	chr17	43490000	44110000	-	10kb	PC3	translocation	
376.49	chr15	45530000	46730000	-	chr5	68150000	68980000	-	10kb	PC3	translocation	
1300.04	chr17	80060000	80590000	+	chr3	157200000	158000000	+	10kb	PC3	translocation	
613.62099999999998	chr17	80340000	80480000	+	chr3	157100000	158000000	+	10kb	PC3	translocation	
628.24300000000005	chr17	35910000	36970000	+	chr10	7160000	7400000	-	10kb	PC3	translocation	
622.53499999999997	chr19	4470000	5190000	-	chr5	69260000	69570000	-	10kb	PC3	translocation	
771.57799999999997	chr19	4460000	5630000	-	chr5	69040000	69250000	-	10kb	PC3	translocation	
2550.88	chr9	81740000	83570000	+	chr3	62090000	63620000	+	10kb	PC3	translocation	
1545.46	chr9	78030000	78300000	-	chr3	70610000	72530000	-	10kb	PC3	translocation	
935.16800000000001	chr9	78310000	79410000	-	chr3	70610000	71780000	-	10kb	PC3	translocation	
60.169800000000002	chr3	190150000	190200000	+	chr14	64050000	64280000	-	10kb	PC3	translocation	
4088.36	chr1	248170000	248940000	+	chr12	27970000	29580000	+	10kb	PC3	translocation	
614.26800000000003	chr1	247900000	248160000	+	chr12	28650000	29470000	-	10kb	PC3	translocation	
156.50399999999999	chr1	1000000	1210000	-	chr8	69570000	69860000	-	10kb	PC3	translocation	
1345.54	chr1	6640000	6860000	+	chr2	40000	1740000	-	10kb	PC3	translocation	
179.79300000000001	chr1	6560000	6630000	+	chr2	40000	1940000	-	10kb	PC3	translocation	
438.02	chr5	27770000	28480000	-	chr8	47030000	47400000	+	10kb	PC3	translocation	
2109.4	chr10	45140000	45480000	+	chr12	25710000	27230000	-	10kb	PC3	translocation	
823.49199999999996	chr10	44790000	45110000	+	chr12	25710000	26950000	-	10kb	PC3	translocation	
203.209	chr10	44340000	44730000	-	chr12	25720000	26520000	-	10kb	PC3	translocation	
2255.06	chr10	70610000	71050000	+	chr12	28700000	29470000	+	10kb	PC3	translocation	
858.87699999999995	chr10	70110000	70590000	+	chr12	28700000	29470000	-	10kb	PC3	translocation	
1053.77	chr10	56300000	57400000	+	chr12	28700000	28960000	+	10kb	PC3	translocation	
455.495	chr10	56300000	56770000	+	chr12	28970000	29500000	-	10kb	PC3	translocation	
2123.29	chr14	49310000	49500000	-	chr8	46970000	48960000	+	10kb	PC3	translocation	
182.041	chr16	70720000	70810000	+	chr8	140400000	140880000	+	10kb	PC3	translocation	
16606.5	chr1	172840000	173670000	+	chr10	75900000	80200000	-	10kb	PC3	translocation	
7116.25	chr1	170260000	172830000	-	chr10	75900000	76630000	-	10kb	PC3	translocation	
4380.58	chr1	172620000	172830000	-	chr10	76870000	80200000	-	10kb	PC3	translocation	
3544.73	chr1	171730000	171890000	-	chr10	76890000	80200000	+	10kb	PC3	translocation	
3500.2	chr1	171900000	172230000	-	chr10	76850000	80190000	-	10kb	PC3	translocation	
2692.73	chr1	172340000	172610000	+	chr10	76900000	80200000	-	10kb	PC3	translocation	
1748.72	chr1	173740000	173850000	+	chr10	75900000	80200000	-	10kb	PC3	translocation	
1420.04	chr1	171520000	171670000	+	chr10	76860000	80180000	-	10kb	PC3	translocation	
1025.7	chr1	170260000	170600000	+	chr10	76810000	78820000	-	10kb	PC3	translocation	
935.79100000000005	chr1	173680000	173730000	+	chr10	75900000	80190000	-	10kb	PC3	translocation	
715.99400000000003	chr1	171020000	171430000	+	chr10	77940000	80180000	-	10kb	PC3	translocation	
23892	chr1	200440000	201480000	+	chr10	74800000	80220000	+	10kb	PC3	translocation	
13975.4	chr1	199750000	200320000	-	chr10	74800000	80220000	+	10kb	PC3	translocation	
1673.76	chr1	200330000	200430000	-	chr10	74870000	80220000	+	10kb	PC3	translocation	
3452.35	chr1	240920000	241300000	-	chr10	61920000	63670000	+	10kb	PC3	translocation	
2987	chr1	241360000	241860000	-	chr10	61900000	63660000	+	10kb	PC3	translocation	
2012.89	chr1	239190000	239850000	-	chr10	61920000	63750000	+	10kb	PC3	translocation	
1103.6300000000001	chr1	238940000	239180000	-	chr10	62410000	63760000	+	10kb	PC3	translocation	
885.12900000000002	chr1	239870000	240300000	-	chr10	62430000	63760000	+	10kb	PC3	translocation	
6488.16	chr1	214770000	216000000	-	chr10	60450000	62100000	-	10kb	PC3	translocation	
1735.67	chr1	168090000	169840000	+	chr10	87410000	87900000	+	10kb	PC3	translocation	
834.02	chr1	248180000	248780000	-	chr10	56270000	57670000	-	10kb	PC3	translocation	
542.44600000000003	chr1	247960000	248100000	-	chr10	56270000	58360000	-	10kb	PC3	translocation	
2719.9	chr1	229760000	230850000	+	chr10	66160000	67640000	+	10kb	PC3	translocation	
3441.86	chr1	241310000	241790000	+	chr10	75100000	76640000	+	10kb	PC3	translocation	
1389.92	chr1	240900000	241300000	+	chr10	75150000	76660000	+	10kb	PC3	translocation	
704.40300000000002	chr1	242070000	242780000	+	chr10	50710000	53100000	-	10kb	PC3	translocation	
1492.6	chr1	243210000	243530000	+	chr10	52190000	53100000	-	10kb	PC3	translocation	
1234.95	chr1	242070000	243410000	-	chr10	50200000	50680000	-	10kb	PC3	translocation	
331.00099999999998	chr1	242020000	242060000	+	chr10	50200000	53000000	-	10kb	PC3	translocation	
3542.42	chr1	190000000	190690000	-	chr10	75900000	77780000	-	10kb	PC3	translocation	
1434.14	chr1	226190000	226850000	-	chr10	72500000	73490000	+	10kb	PC3	translocation	
337.94299999999998	chr1	226120000	226180000	+	chr10	71830000	73480000	+	10kb	PC3	translocation	
1430.29	chr12	130720000	130860000	-	chr8	60400000	63180000	+	10kb	PC3	translocation	
1228.96	chr12	130870000	131270000	-	chr8	61410000	63470000	-	10kb	PC3	translocation	
827.68899999999996	chr12	129900000	130230000	-	chr8	60170000	61520000	+	10kb	PC3	translocation	
426.40499999999997	chr12	131300000	131610000	+	chr8	61410000	63280000	-	10kb	PC3	translocation	
240.26499999999999	chr12	133040000	133160000	-	chr8	60000000	61660000	+	10kb	PC3	translocation	
974.63800000000003	chr3	114550000	117010000	+	chr10	16160000	18280000	+	10kb	PC3	translocation	
2026.96	chr3	117010000	118010000	-	chr10	18280000	19670000	-	10kb	PC3	translocation	
117.548	chr11	54000000	58000000	-	chr10	42000000	54000000	-	1Mb	PC3	translocation	
469.95100000000002	chr15	20000000	32000000	+	chr2	0	24000000	-	1Mb	PC3	translocation	
160.12899999999999	chr19	4000000	14000000	+	chr5	138000000	143000000	-	1Mb	PC3	translocation	
153.44200000000001	chr9	78000000	83000000	+	chr1	228000000	234000000	+	1Mb	PC3	translocation	
13283	chr9	78000000	84000000	-	chr10	48000000	81000000	+	1Mb	PC3	translocation	
80.481300000000005	chr3	125000000	130000000	+	chr1	226000000	230000000	-	1Mb	PC3	translocation	
65.747799999999998	chr1	59000000	62000000	-	chr16	60000000	64000000	+	1Mb	PC3	translocation	
60.637500000000003	chr5	42000000	52000000	-	chr14	66000000	68000000	-	1Mb	PC3	translocation	
322.97500000000002	chr8	70000000	75000000	-	chr2	0	24000000	-	1Mb	PC3	translocation	
319.41500000000002	chr5	60960000	63000000	-	chr5	153320000	153880000	-	10kb	PC3	tandem_duplication	
359.42899999999997	chr5	64650000	65400000	+	chr5	164480000	164900000	+	10kb	PC3	tandem_duplication	
301.505	chr5	66930000	67190000	-	chr5	106360000	107000000	+	10kb	PC3	tandem_duplication	
1104.83	chr5	62930000	63980000	-	chr5	90800000	91150000	+	10kb	PC3	tandem_duplication	
1020.07	chr5	107600000	108300000	-	chr5	156700000	157300000	-	10kb	PC3	tandem_duplication	
199.298	chr5	67220000	67570000	-	chr5	85650000	86260000	-	10kb	PC3	tandem_duplication	
325.74299999999999	chr5	60000000	60700000	-	chr5	88140000	88900000	-	10kb	PC3	tandem_duplication	
331.23500000000001	chr5	67470000	67730000	+	chr5	147560000	148070000	-	10kb	PC3	deletion	
140.37799999999999	chr5	62320000	62600000	-	chr5	171180000	171390000	-	10kb	PC3	tandem_duplication	
412.86599999999999	chr5	91400000	91900000	-	chr5	156700000	157200000	+	10kb	PC3	tandem_duplication	
183.97499999999999	chr5	92800000	93100000	-	chr5	153310000	153620000	+	10kb	PC3	tandem_duplication	
699.49699999999996	chr5	148430000	149280000	-	chr5	180610000	180880000	+	10kb	PC3	tandem_duplication	
256.12200000000001	chr5	62480000	62860000	-	chr5	149000000	149390000	-	10kb	PC3	tandem_duplication	
239.726	chr5	67470000	67730000	-	chr5	113130000	113260000	+	10kb	PC3	tandem_duplication	
452.07799999999997	chr5	146000000	146300000	-	chr5	157900000	158400000	+	10kb	PC3	tandem_duplication	
5670.42	chr1	172400000	173850000	+	chr1	201110000	201480000	+	10kb	PC3	tandem_duplication	
663.149	chr1	190460000	191000000	-	chr1	202740000	203300000	-	10kb	PC3	tandem_duplication	
814.64800000000002	chr1	170260000	170600000	-	chr1	190000000	190500000	-	10kb	PC3	tandem_duplication	
708.85599999999999	chr1	230000000	230400000	-	chr1	247160000	247500000	-	10kb	PC3	tandem_duplication	
501.13499999999999	chr3	146140000	146690000	-	chr3	159010000	159300000	+	10kb	PC3	tandem_duplication	
303.64	chr19	600000	1090000	-	chr19	49150000	49860000	-	10kb	PC3	tandem_duplication	
150.31800000000001	chr8	17370000	17650000	-	chr8	144310000	144780000	-	10kb	PC3	tandem_duplication	
11121.6	chr14	72600000	73590000	+	chr14	90340000	91190000	+	10kb	PC3	tandem_duplication	
763.03	chr9	77170000	77990000	+	chr9	83570000	84280000	-	10kb	PC3	deletion	
444.04500000000002	chr12	128150000	129890000	+	chr12	132900000	133040000	+	10kb	PC3	tandem_duplication	
193.22900000000001	chr10	80600000	81460000	-	chr10	88750000	89000000	-	10kb	PC3	tandem_duplication	
814.02300000000002	chr10	33110000	33300000	-	chr10	37700000	37970000	+	10kb	PC3	tandem_duplication	
101.27800000000001	chr11	67090000	67170000	-	chr9	113270000	113640000	-	10kb	GB238	translocation	
70.546400000000006	chr17	58510000	58800000	+	chr9	120450000	120550000	+	10kb	GB238	translocation	
111.702	chr17	30320000	30580000	+	chr9	127800000	127940000	-	10kb	GB238	translocation	
78.220200000000006	chr19	47900000	48040000	+	chr21	15500000	15670000	-	10kb	GB238	translocation	
118.006	chr9	22610000	22740000	-	chr5	39800000	39940000	-	10kb	GB238	translocation	
66.8429	chr9	16950000	16990000	-	chr5	40930000	41370000	+	10kb	GB238	translocation	
77.227099999999993	chr9	4980000	5290000	+	chr5	23360000	23440000	+	10kb	GB238	translocation	
166.62299999999999	chr9	22770000	23010000	+	chr5	11700000	11960000	+	10kb	GB238	translocation	
162.86600000000001	chr17	51400000	52100000	-	chr9	122300000	122900000	-	100kb	GB238	translocation	
50.933500000000002	chr19	39500000	40300000	+	chr21	27200000	27500000	+	100kb	GB238	translocation	
91.0471	chr14	20500000	20900000	+	chr21	39800000	41000000	-	100kb	GB238	translocation	
318.60300000000001	chr11	78000000	98000000	-	chr9	99000000	106000000	+	1Mb	GB238	translocation	
76.908900000000003	chr9	16630000	16750000	-	chr9	22060000	22170000	-	10kb	GB238	tandem_duplication	
65.701300000000003	chr18	33440000	33590000	-	chr18	45440000	45530000	+	10kb	GB238	tandem_duplication	
67.500600000000006	chr21	17350000	17470000	+	chr21	33340000	33410000	+	10kb	GB238	tandem_duplication	
68.325400000000002	chr9	108900000	109200000	-	chr9	125300000	125700000	-	100kb	GB238	tandem_duplication	
49.272300000000001	chr9	19200000	19500000	+	chr9	37100000	37500000	-	100kb	GB238	deletion	
51.219499999999996	chr5	18200000	18500000	-	chr5	39800000	40800000	-	100kb	GB238	tandem_duplication	
64.731200000000001	chr21	15900000	17200000	+	chr21	37400000	37700000	+	100kb	GB238	tandem_duplication	
96.828999999999994	chr17	46020000	46740000	-	chr22	37790000	37890000	+	10kb	SK-N-SH	translocation	
353.64600000000002	chr9	137690000	137990000	-	chr2	47870000	48450000	+	10kb	SK-N-SH	translocation	
235.886	chr22	44000000	44640000	-	chrX	0	440000	+	10kb	SK-N-SH	translocation	
4270.5	chr7	131660000	133390000	+	chr8	128050000	129790000	+	10kb	SK-N-SH	translocation	
12215.7	chr7	133390000	134650000	-	chr8	126780000	128050000	+	10kb	SK-N-SH	translocation	
139.09200000000001	chr17	48200000	48800000	+	chr22	34100000	35200000	+	100kb	SK-N-SH	translocation	
102.926	chr22	46100000	49700000	+	chrX	600000	700000	-	100kb	SK-N-SH	translocation	
738.34	chr14	35930000	36660000	+	chr14	49100000	49490000	-	10kb	SK-N-SH	deletion	
11.4217	chr6	26010000	27900000	+	chr6	28800000	28960000	+	10kb	SK-N-SH	tandem_duplication	
1097.69	chr11	128030000	128800000	+	chr15	50540000	51370000	-	10kb	SK-N-MC	translocation	
293.036	chr11	128800000	129020000	-	chr22	27460000	29290000	+	10kb	SK-N-MC	translocation	
347.93299999999999	chr15	50110000	50550000	+	chr22	29300000	29720000	-	10kb	SK-N-MC	translocation	
1405.08	chr3	183110000	183700000	+	chr2	154050000	155340000	-	10kb	SK-N-MC	translocation	
1135.77	chr1	9580000	10260000	+	chrX	21500000	22030000	-	10kb	SK-N-MC	translocation	
582.53899999999999	chr1	10260000	10500000	-	chrX	20280000	21500000	+	10kb	SK-N-MC	translocation	
2905.7	chr5	54340000	55750000	-	chr10	52570000	53310000	+	10kb	SK-N-MC	translocation	
531.154	chr5	53060000	54350000	+	chr10	53310000	53780000	-	10kb	SK-N-MC	translocation	
233.46700000000001	chr5	54220000	54330000	-	chr10	53780000	55860000	-	10kb	SK-N-MC	translocation	
1765.76	chr4	4380000	5240000	+	chr4	39160000	40880000	-	10kb	SK-N-MC	deletion	
235.75700000000001	chr3	82300000	82540000	+	chr3	122600000	123600000	-	10kb	SK-N-MC	deletion	
95.373699999999999	chr3	82560000	83700000	+	chr3	122600000	122700000	-	10kb	SK-N-MC	deletion	
391.69099999999997	chr4	104800000	105240000	+	chr4	107910000	108320000	+	10kb	SK-N-MC	inversion	
353.75200000000001	chr4	105230000	105710000	-	chr4	108330000	108680000	-	10kb	SK-N-MC	inversion	
1953.23	chr4	53550000	55660000	-	chr6	55380000	56530000	+	10kb	Caki2	translocation	
805.46900000000005	chr4	64330000	64630000	+	chr12	64980000	66570000	+	10kb	Caki2	translocation	
146.297	chr5	69370000	72050000	+	chr1	197010000	197310000	-	10kb	Caki2	translocation	
599.73299999999995	chr5	71800000	72070000	-	chr1	198420000	198540000	-	10kb	Caki2	translocation	
642.71900000000005	chr5	71700000	72070000	+	chr1	195020000	195190000	-	10kb	Caki2	translocation	
108.357	chr5	69050000	69150000	+	chr1	223410000	223800000	+	10kb	Caki2	translocation	
1678.18	chr5	158140000	159040000	-	chr2	114620000	115740000	+	10kb	Caki2	translocation	
1988.62	chr6	56750000	57330000	-	chr8	58560000	59130000	-	10kb	Caki2	translocation	
596.83799999999997	chr6	168000000	168890000	-	chr12	85940000	87920000	+	10kb	Caki2	translocation	
804.3	chr6	94680000	95170000	+	chr12	75050000	75480000	-	10kb	Caki2	translocation	
867.35299999999995	chr6	71200000	71530000	-	chr10	71870000	72220000	-	10kb	Caki2	translocation	
352.755	chr1	68140000	68640000	+	chr15	88720000	88900000	+	10kb	Caki2	translocation	
3585.97	chr2	204260000	205660000	+	chr3	154250000	154810000	-	10kb	Caki2	translocation	
2707.95	chr2	201750000	202400000	+	chr3	161540000	162880000	-	10kb	Caki2	translocation	
2878.62	chr2	204260000	205640000	-	chr3	179310000	179670000	+	10kb	Caki2	translocation	
3351.55	chr2	232540000	232920000	+	chr3	131360000	132470000	-	10kb	Caki2	translocation	
2796.04	chr2	241430000	241990000	-	chr19	4000000	4740000	-	10kb	Caki2	translocation	
2486.89	chr2	119800000	120320000	-	chr14	55320000	56260000	+	10kb	Caki2	translocation	
657.40300000000002	chr2	201010000	201480000	-	chr12	66110000	66460000	-	10kb	Caki2	translocation	
1416.41	chr2	163440000	164560000	+	chr12	49680000	49960000	-	10kb	Caki2	translocation	
10892.3	chr3	159540000	160400000	-	chr12	77460000	87920000	+	10kb	Caki2	translocation	
485.899	chr3	159540000	160400000	-	chr12	75380000	75410000	-	10kb	Caki2	translocation	
22879.3	chr3	191190000	191660000	-	chr12	78000000	87920000	+	10kb	Caki2	translocation	
421.40100000000001	chr15	101630000	101860000	+	chr11	29310000	29850000	+	10kb	Caki2	translocation	
289.99900000000002	chr14	32800000	34210000	-	chr12	50000000	50070000	-	10kb	Caki2	translocation	
2145.0700000000002	chr12	116800000	117920000	-	chr11	124590000	125170000	+	10kb	Caki2	translocation	
2098.96	chr6	138310000	139250000	+	chr2	32460000	32860000	+	10kb	Caki2	translocation	
1701.99	chr6	139240000	139440000	-	chr2	32870000	33690000	-	10kb	Caki2	translocation	
871.26	chr19	45440000	45740000	+	chr9	85980000	86360000	-	10kb	Caki2	translocation	
269.07499999999999	chr19	45730000	46140000	-	chr9	85810000	85980000	+	10kb	Caki2	translocation	
3023.62	chr5	23610000	24240000	-	chr16	79130000	80580000	-	10kb	Caki2	translocation	
3022.06	chr5	22880000	23620000	+	chr16	77990000	79130000	+	10kb	Caki2	translocation	
497.37299999999999	chr22	44100000	44700000	-	chr10	63800000	65700000	-	100kb	Caki2	translocation	
123.69	chr20	29400000	29900000	-	chr15	92200000	92600000	-	100kb	Caki2	translocation	
57.626300000000001	chr20	28000000	32000000	+	chr16	50000000	56000000	+	1Mb	Caki2	translocation	
57.526000000000003	chr21	10000000	19000000	+	chr16	50000000	56000000	-	1Mb	Caki2	translocation	
94.353700000000003	chr6	60000000	63000000	+	chr7	67000000	71000000	-	1Mb	Caki2	translocation	
42.447200000000002	chr6	168000000	171000000	-	chr3	165000000	173000000	+	1Mb	Caki2	translocation	
47.643599999999999	chr2	85000000	87000000	+	chr10	86000000	92000000	+	1Mb	Caki2	translocation	
282.14499999999998	chr18	0	15000000	+	chrX	1000000	3000000	-	1Mb	Caki2	translocation	
528.61599999999999	chr18	0	14000000	+	chrY	8000000	20000000	-	1Mb	Caki2	translocation	
1055.8599999999999	chr5	71690000	72070000	-	chr5	168370000	168670000	+	10kb	Caki2	tandem_duplication	
166.83	chr5	69370000	69500000	+	chr5	168380000	168670000	+	10kb	Caki2	tandem_duplication	
332.95299999999997	chr5	125960000	126390000	-	chr5	180450000	180760000	-	10kb	Caki2	tandem_duplication	
402.858	chr5	142660000	143030000	+	chr5	179740000	179960000	+	10kb	Caki2	tandem_duplication	
250.714	chr5	128820000	129090000	+	chr5	140470000	140800000	-	10kb	Caki2	deletion	
383.52199999999999	chr5	71690000	72070000	-	chr5	174340000	174490000	-	10kb	Caki2	tandem_duplication	
332.25099999999998	chr5	71700000	72070000	+	chr5	148390000	148500000	+	10kb	Caki2	tandem_duplication	
562.08399999999995	chr5	95060000	95260000	+	chr5	168330000	168670000	-	10kb	Caki2	deletion	
475.30599999999998	chr5	95060000	95270000	+	chr5	174350000	174530000	-	10kb	Caki2	deletion	
46.730600000000003	chr5	153950000	154520000	-	chr5	181110000	181200000	-	10kb	Caki2	tandem_duplication	
196.471	chr5	131200000	131470000	-	chr5	160760000	161100000	+	10kb	Caki2	tandem_duplication	
153.68	chr5	63780000	63870000	-	chr5	148340000	148710000	+	10kb	Caki2	tandem_duplication	
1394.76	chr6	56370000	57240000	-	chr6	122300000	122840000	-	10kb	Caki2	tandem_duplication	
1614.22	chr6	106310000	107220000	+	chr6	149500000	149760000	+	10kb	Caki2	tandem_duplication	
3944.74	chr3	159800000	160400000	+	chr3	191200000	191670000	+	10kb	Caki2	tandem_duplication	
160.78200000000001	chr19	5770000	5890000	+	chr19	10710000	11090000	-	10kb	Caki2	deletion	
604.15	chr16	6660000	7070000	-	chr16	29700000	30060000	-	10kb	Caki2	tandem_duplication	
407.09199999999998	chr16	1360000	1580000	+	chr16	21930000	22300000	-	10kb	Caki2	deletion	
486.20699999999999	chr16	8920000	9360000	+	chr16	20900000	21310000	+	10kb	Caki2	tandem_duplication	
479.73599999999999	chr16	66620000	66900000	+	chr16	74600000	75130000	-	10kb	Caki2	deletion	
1106.83	chr12	64000000	64380000	+	chr12	70700000	71260000	+	10kb	Caki2	tandem_duplication	
3786.76	chr18	28200000	29400000	+	chr18	76870000	77630000	+	10kb	Caki2	inversion	
1004.89	chr18	29400000	30970000	-	chr18	77640000	77800000	-	10kb	Caki2	inversion	
1004.89	chr18	29400000	30970000	-	chr18	77640000	77800000	-	10kb	Caki2	tandem_duplication	
2341.38	chrX	19730000	20190000	-	chrX	44700000	45780000	-	10kb	Caki2	inversion	
1792.34	chrX	19340000	19730000	+	chrX	43630000	44700000	+	10kb	Caki2	inversion	
1792.34	chrX	19340000	19730000	+	chrX	43630000	44700000	+	10kb	Caki2	tandem_duplication	
817.15700000000004	chrX	117690000	118330000	-	chrX	151790000	152890000	-	10kb	Caki2	tandem_duplication	
598.51900000000001	chr4	102900000	103140000	+	chr6	108060000	108640000	+	10kb	SK-N-AS	translocation	
276.35399999999998	chr11	71430000	71590000	+	chr17	32290000	32380000	-	10kb	SK-N-AS	translocation	
941.53700000000003	chr17	73790000	74220000	-	chr19	780000	880000	-	10kb	SK-N-AS	translocation	
1272.57	chr17	42830000	42950000	-	chr3	60620000	61420000	-	10kb	SK-N-AS	translocation	
778.75300000000004	chr9	23800000	24360000	-	chr8	116860000	117050000	-	10kb	SK-N-AS	translocation	
178.50399999999999	chr9	23800000	23880000	-	chr8	117260000	117370000	-	10kb	SK-N-AS	translocation	
587.07899999999995	chr1	145430000	145840000	+	chr14	37010000	37200000	+	10kb	SK-N-AS	translocation	
308.892	chr7	55250000	55470000	+	chr22	35610000	35950000	+	10kb	SK-N-AS	translocation	
995.26199999999994	chr12	111600000	111690000	-	chr16	83070000	83400000	+	10kb	SK-N-AS	translocation	
2299.9899999999998	chr4	173900000	174010000	-	chr8	127890000	128890000	+	10kb	SK-N-AS	translocation	
2026.73	chr4	173470000	173900000	+	chr8	128890000	129180000	-	10kb	SK-N-AS	translocation	
362.60500000000002	chr4	173270000	173580000	-	chr8	129670000	129740000	-	10kb	SK-N-AS	translocation	
344.13900000000001	chr4	173900000	174310000	-	chr8	127720000	127750000	+	10kb	SK-N-AS	translocation	
126.17	chrX	84000000	95000000	-	chr6	87000000	91000000	-	1Mb	SK-N-AS	translocation	
851.16300000000001	chr5	1230000	1480000	-	chr5	51490000	52050000	-	10kb	SK-N-AS	tandem_duplication	
133.83500000000001	chr1	1750000	1930000	+	chr1	10970000	11030000	-	10kb	SK-N-AS	deletion	
1199.27	chrX	55390000	56280000	-	chrX	118100000	118320000	+	10kb	SK-N-AS	tandem_duplication	
49.117400000000004	chr5	39100000	39500000	+	chr5	42000000	43100000	-	100kb	SK-N-AS	deletion	
132.51	chr20	62060000	62450000	+	chr6	149360000	149570000	+	10kb	GB176	translocation	
2086.94	chr20	14910000	16760000	-	chr1	63590000	64000000	+	10kb	GB176	translocation	
2032.05	chr20	14090000	14920000	+	chr1	64000000	64250000	-	10kb	GB176	translocation	
260.428	chr6	92710000	93140000	+	chr19	22000000	22170000	+	10kb	GB176	translocation	
169.761	chr7	64260000	64710000	-	chr17	38310000	38400000	+	10kb	GB176	translocation	
222.667	chr9	25820000	26060000	-	chr10	82230000	82430000	-	10kb	GB176	translocation	
180.63200000000001	chr9	30280000	30540000	+	chr10	86220000	86420000	-	10kb	GB176	translocation	
494.23200000000003	chr6	69020000	69600000	+	chr14	42800000	43080000	-	10kb	GB176	translocation	
713.58399999999995	chr6	80170000	80800000	+	chr14	42190000	42770000	+	10kb	GB176	translocation	
172.81399999999999	chr7	101220000	101350000	+	chr2	73130000	73610000	+	10kb	GB176	translocation	
371.43099999999998	chr19	49180000	49430000	+	chr10	109460000	109880000	-	10kb	GB176	translocation	
1049.6199999999999	chr18	35060000	35350000	-	chr12	26030000	26590000	+	10kb	GB176	translocation	
1020.64	chr18	34700000	35070000	+	chr12	22600000	22840000	+	10kb	GB176	translocation	
259.89	chr18	41840000	41900000	-	chr12	22840000	23480000	-	10kb	GB176	translocation	
440.38200000000001	chr18	41620000	41840000	+	chr12	26580000	26910000	-	10kb	GB176	translocation	
211.05099999999999	chr17	42800000	42940000	+	chr8	59730000	60070000	-	10kb	GB176	translocation	
309.60300000000001	chr5	146050000	146330000	-	chr15	64170000	64470000	+	10kb	GB176	translocation	
382.06599999999997	chr2	210500000	210590000	+	chr13	86200000	86950000	-	10kb	GB176	translocation	
317.61900000000003	chr2	210590000	210860000	-	chr13	85920000	86200000	+	10kb	GB176	translocation	
90.509	chr7	62000000	64000000	-	chr8	60000000	85000000	-	1Mb	GB176	translocation	
161.65100000000001	chr6	69600000	69840000	-	chr6	80830000	82210000	-	10kb	GB176	tandem_duplication	
134.86000000000001	chr6	4240000	5010000	+	chr6	15390000	15490000	-	10kb	GB176	deletion	
570.38199999999995	chr1	198730000	199380000	-	chr1	221510000	221700000	+	10kb	GB176	tandem_duplication	
82.356200000000001	chr8	72190000	72280000	+	chr8	80250000	80460000	+	10kb	GB176	tandem_duplication	
112.872	chr10	23300000	23900000	-	chr10	36770000	36800000	-	10kb	GB176	tandem_duplication	
62.802100000000003	chr3	184800000	185500000	+	chr3	197800000	198100000	-	100kb	GB176	deletion	
45.569600000000001	chr19	13000000	17000000	-	chr1	12000000	18000000	-	1Mb	GB183	translocation	
69.685299999999998	chr9	18430000	18800000	-	chr9	27520000	27590000	+	10kb	GB183	tandem_duplication	
68.109399999999994	chr9	21230000	21570000	-	chr9	26600000	26730000	+	10kb	GB183	tandem_duplication	
24982.3	chr22	22420000	23290000	+	chr9	130800000	131340000	-	10kb	KBM7	translocation	
21308.6	chr22	23290000	23940000	-	chr9	130250000	130810000	+	10kb	KBM7	translocation	
5168.01	chr22	32800000	35200000	-	chr9	113700000	120500000	+	100kb	KBM7	translocation	
4851.71	chr19	19000000	29600000	-	chr15	60800000	65400000	-	100kb	KBM7	translocation	
11041.3	chr19	24400000	32300000	+	chr15	83600000	89300000	+	100kb	KBM7	translocation	
3645.26	chr12	62900000	63100000	-	chr12	64000000	64420000	-	10kb	KBM7	tandem_duplication	
68.256500000000003	chr7	56100000	58100000	+	chr7	61000000	62400000	+	100kb	KBM7	tandem_duplication	
55.16	chr1	20200000	20500000	-	chr1	29400000	30700000	-	100kb	KBM7	tandem_duplication	
181.57400000000001	chr16	34500000	34600000	-	chr16	46700000	50000000	+	100kb	KBM7	tandem_duplication	
73.005799999999994	chrY	10600000	11300000	+	chrY	26600000	56900000	-	100kb	KBM7	deletion	
223.36199999999999	chr4	97600000	98590000	+	chr10	97110000	97450000	-	10kb	SJCRH30	translocation	
243.24299999999999	chr11	87710000	88160000	+	chr3	25000000	26530000	+	10kb	SJCRH30	translocation	
169.078	chr11	55410000	56050000	+	chr3	20000	1000000	-	10kb	SJCRH30	translocation	
116.43300000000001	chr11	81910000	82550000	+	chrX	128150000	128600000	+	10kb	SJCRH30	translocation	
197.72399999999999	chr15	92730000	93470000	+	chr22	50140000	50650000	+	10kb	SJCRH30	translocation	
113.822	chr15	69460000	70660000	+	chr22	42820000	43300000	+	10kb	SJCRH30	translocation	
2345.37	chr17	12100000	12980000	-	chr2	185710000	187100000	-	10kb	SJCRH30	translocation	
92.933400000000006	chr3	56810000	57300000	+	chr10	73400000	73860000	-	10kb	SJCRH30	translocation	
202.22300000000001	chr1	200950000	201300000	-	chr7	2180000	3110000	-	10kb	SJCRH30	translocation	
228.89599999999999	chr10	99410000	100190000	+	chrX	118920000	119280000	-	10kb	SJCRH30	translocation	
597.20699999999999	chrX	103420000	103740000	-	chr6	161210000	164320000	+	10kb	SJCRH30	translocation	
83.646500000000003	chr1	192450000	192850000	+	chr10	20920000	21560000	-	10kb	SJCRH30	translocation	
2136.52	chr13	38940000	41350000	+	chr2	221470000	223060000	+	10kb	SJCRH30	translocation	
43.540900000000001	chr4	86000000	88000000	+	chr3	7000000	12000000	-	1Mb	SJCRH30	translocation	
87.044200000000004	chr4	42000000	47000000	+	chr1	232000000	236000000	+	1Mb	SJCRH30	translocation	
46.654600000000002	chr4	127000000	129000000	+	chr20	53000000	55000000	+	1Mb	SJCRH30	translocation	
139.01900000000001	chr4	147000000	155000000	+	chr12	41000000	48000000	-	1Mb	SJCRH30	translocation	
95.551000000000002	chr4	112000000	116000000	-	chrX	0	3000000	-	1Mb	SJCRH30	translocation	
103.39400000000001	chr4	51000000	65000000	-	chr6	159000000	161000000	-	1Mb	SJCRH30	translocation	
82.387600000000006	chr11	8000000	12000000	-	chr10	10000000	12000000	-	1Mb	SJCRH30	translocation	
59.289099999999998	chr17	73000000	80000000	-	chr19	12000000	18000000	-	1Mb	SJCRH30	translocation	
53.719499999999996	chr17	82000000	83000000	-	chr5	30000000	35000000	-	1Mb	SJCRH30	translocation	
75.073400000000007	chr17	65000000	69000000	-	chrX	9000000	11000000	-	1Mb	SJCRH30	translocation	
66.552599999999998	chr19	11000000	15000000	-	chrX	87000000	89000000	+	1Mb	SJCRH30	translocation	
67.914599999999993	chr3	0	4000000	-	chr18	32000000	39000000	-	1Mb	SJCRH30	translocation	
58.206499999999998	chr3	139000000	141000000	-	chr8	21000000	25000000	+	1Mb	SJCRH30	translocation	
94.252799999999993	chr3	22000000	29000000	+	chrX	123000000	129000000	+	1Mb	SJCRH30	translocation	
134.84800000000001	chr3	7000000	11000000	-	chr6	150000000	152000000	-	1Mb	SJCRH30	translocation	
97.540700000000001	chr1	186000000	193000000	+	chr10	17000000	20000000	+	1Mb	SJCRH30	translocation	
121.559	chr1	184000000	190000000	+	chr6	25000000	28000000	-	1Mb	SJCRH30	translocation	
78.087299999999999	chr20	55000000	57000000	+	chr2	15000000	22000000	-	1Mb	SJCRH30	translocation	
44.642600000000002	chr22	16000000	18000000	-	chrX	115000000	120000000	-	1Mb	SJCRH30	translocation	
42.892499999999998	chr10	78000000	83000000	+	chr12	2000000	4000000	+	1Mb	SJCRH30	translocation	
151.69499999999999	chr10	130000000	134000000	+	chr18	21000000	27000000	+	1Mb	SJCRH30	translocation	
401.34300000000002	chr13	38900000	40700000	+	chr2	222200000	223000000	-	100kb	SJCRH30	translocation	
138.92599999999999	chr13	40600000	42100000	-	chr2	221500000	222200000	+	100kb	SJCRH30	translocation	
133.499	chr16	53390000	53990000	-	chr16	89100000	89690000	-	10kb	SJCRH30	tandem_duplication	
216.958	chr16	66960000	67490000	+	chr16	89100000	89740000	-	10kb	SJCRH30	deletion	
52.1541	chrX	74600000	75500000	-	chrX	116200000	117100000	-	100kb	SJCRH30	tandem_duplication	
3946.92	chr7	95410000	97160000	-	chr16	68220000	68970000	+	10kb	NCI-H460	translocation	
7727.05	chr7	47250000	49920000	+	chr9	5300000	6310000	-	10kb	NCI-H460	translocation	
2768.51	chr7	132240000	134520000	-	chr9	0	1010000	+	10kb	NCI-H460	translocation	
9608.58	chr7	91870000	92980000	+	chr9	3380000	5300000	+	10kb	NCI-H460	translocation	
778.154	chr7	93730000	94780000	+	chr12	800000	1650000	-	10kb	NCI-H460	translocation	
506.661	chr1	60180000	61070000	-	chr16	74760000	74940000	-	10kb	NCI-H460	translocation	
271.10700000000003	chr1	67360000	67890000	-	chr16	75200000	75250000	-	10kb	NCI-H460	translocation	
181.357	chr1	60200000	60350000	-	chr16	77810000	78270000	-	10kb	NCI-H460	translocation	
1002.98	chr19	36800000	37230000	+	chr16	89420000	89740000	-	10kb	NCI-H460	translocation	
600.91200000000003	chr19	35630000	36220000	+	chr12	1050000	1750000	+	10kb	NCI-H460	translocation	
969.22799999999995	chr8	127680000	129630000	+	chr12	7050000	8080000	-	10kb	NCI-H460	translocation	
238.13499999999999	chr7	93600000	94800000	-	chr19	35500000	36300000	+	100kb	NCI-H460	translocation	
80.474100000000007	chr16	89000000	90000000	-	chr12	37000000	58000000	+	1Mb	NCI-H460	translocation	
256.57100000000003	chr4	3660000	3760000	+	chr4	15060000	15650000	-	10kb	NCI-H460	deletion	
1533.72	chr7	64810000	65490000	-	chr7	131580000	132180000	+	10kb	NCI-H460	tandem_duplication	
571.01900000000001	chr1	62800000	63250000	+	chr1	71100000	71340000	+	10kb	NCI-H460	tandem_duplication	
350.39299999999997	chr16	55960000	56330000	+	chr16	78100000	78570000	+	10kb	NCI-H460	tandem_duplication	
1054.67	chr13	93200000	93370000	+	chr9	131040000	131280000	+	10kb	K562	translocation	
310.94099999999997	chr13	92280000	92390000	+	chr9	131120000	131280000	+	10kb	K562	translocation	
1420.02	chr13	107850000	108010000	+	chr9	131030000	131280000	+	10kb	K562	translocation	
5261.96	chr9	130730000	131120000	-	chr22	22770000	23300000	+	10kb	K562	translocation	
563.678	chr9	130940000	131200000	+	chr22	16710000	16820000	+	10kb	K562	translocation	
416.315	chr3	47850000	48190000	+	chr10	85910000	86090000	+	10kb	K562	translocation	
86.337199999999996	chr1	106780000	106820000	+	chr18	27260000	27450000	-	10kb	K562	translocation	
669.66200000000003	chr5	50930000	51100000	-	chr6	37480000	37860000	+	10kb	K562	translocation	
639.76499999999999	chr12	22550000	22700000	+	chr21	24130000	24550000	-	10kb	K562	translocation	
286.43900000000002	chr16	85270000	85600000	+	chr6	16750000	16790000	-	10kb	K562	translocation	
250.06399999999999	chr13	89800000	91800000	+	chr22	22700000	23300000	-	100kb	K562	translocation	
128.52099999999999	chr13	107800000	108000000	+	chr22	22000000	23300000	+	100kb	K562	translocation	
201.31700000000001	chr1	54500000	54800000	+	chr18	24400000	25900000	+	100kb	K562	translocation	
58.874499999999998	chr22	22500000	22700000	-	chr2	150400000	150900000	+	100kb	K562	translocation	
663.70100000000002	chr16	78200000	80700000	-	chr6	38100000	39100000	-	100kb	K562	translocation	
110.53	chr18	27000000	27300000	-	chr6	135400000	136200000	-	100kb	K562	translocation	
662.96299999999997	chr13	19000000	47000000	-	chr9	27000000	39000000	-	1Mb	K562	translocation	
271.197	chr17	27000000	29000000	-	chr9	0	21000000	+	1Mb	K562	translocation	
202.452	chr17	51000000	57000000	-	chr9	0	21000000	+	1Mb	K562	translocation	
118.7	chr17	19000000	23000000	+	chr10	43000000	51000000	-	1Mb	K562	translocation	
223.44800000000001	chr3	138000000	162000000	-	chr18	26000000	27000000	-	1Mb	K562	translocation	
126.572	chr3	138000000	150000000	+	chr18	4000000	8000000	+	1Mb	K562	translocation	
60.570599999999999	chr1	107000000	112000000	-	chr20	30000000	35000000	-	1Mb	K562	translocation	
48.485700000000001	chr1	115000000	120000000	+	chr6	135000000	140000000	-	1Mb	K562	translocation	
355.67099999999999	chr4	159460000	159570000	+	chr4	162700000	163060000	-	10kb	K562	deletion	
61.928699999999999	chr6	16400000	16780000	+	chr6	51850000	51880000	-	10kb	K562	deletion	
137.59399999999999	chr18	8110000	8240000	-	chr18	23660000	23730000	+	10kb	K562	tandem_duplication	
62.7943	chr18	7510000	7610000	-	chr18	25940000	26020000	-	10kb	K562	tandem_duplication	
123.2	chr18	3230000	3480000	-	chr18	10780000	10860000	+	10kb	K562	tandem_duplication	
61.746499999999997	chr18	420000	480000	+	chr18	21920000	21980000	-	10kb	K562	deletion	
126.79	chr9	26600000	26710000	-	chr9	38290000	38430000	+	10kb	K562	tandem_duplication	
352.16199999999998	chr9	120790000	120900000	-	chr9	128150000	128340000	+	10kb	K562	tandem_duplication	
940.89800000000002	chr13	93200000	93380000	+	chr13	107840000	108010000	-	10kb	K562	deletion	
143.136	chr13	92300000	92430000	-	chr13	107850000	108010000	+	10kb	K562	tandem_duplication	
514.851	chr13	80510000	80900000	+	chr13	89790000	90260000	-	10kb	K562	deletion	
70.455699999999993	chr9	27600000	28100000	+	chr9	31700000	32400000	-	100kb	K562	deletion	
294.24700000000001	chr4	97080000	97950000	-	chr6	86650000	86830000	+	10kb	LNCaP	translocation	
267.976	chr4	95110000	95390000	+	chr10	93330000	93630000	+	10kb	LNCaP	translocation	
270.46800000000002	chr6	91170000	91990000	-	chr10	101440000	101580000	-	10kb	LNCaP	translocation	
794.90899999999999	chr7	13220000	14000000	+	chr14	37180000	37500000	+	10kb	LNCaP	translocation	
368.726	chr7	8000000	8330000	-	chr14	37570000	37910000	-	10kb	LNCaP	translocation	
344.58499999999998	chr1	85060000	85570000	+	chr15	76890000	77040000	+	10kb	LNCaP	translocation	
334.27699999999999	chr1	85570000	85800000	-	chr15	77040000	77650000	-	10kb	LNCaP	translocation	
360.03199999999998	chr6	41710000	42210000	+	chr16	71880000	72080000	+	10kb	LNCaP	translocation	
155.42400000000001	chr6	42210000	42800000	-	chr16	72080000	72130000	-	10kb	LNCaP	translocation	
202.91900000000001	chr6	157200000	157880000	+	chr10	89100000	89160000	+	10kb	LNCaP	translocation	
142.584	chr6	159710000	160130000	-	chr10	94570000	94680000	+	10kb	LNCaP	translocation	
104.093	chr6	159330000	159400000	+	chr10	93050000	93630000	+	10kb	LNCaP	translocation	
170.40199999999999	chr4	79000000	95000000	+	chr6	151000000	158000000	-	1Mb	LNCaP	translocation	
296.274	chr7	7620000	7900000	+	chr7	14160000	14560000	-	10kb	LNCaP	deletion	
593.46199999999999	chr1	11370000	11820000	-	chr1	26620000	26910000	-	10kb	LNCaP	tandem_duplication	
191.65600000000001	chr1	10710000	10970000	-	chr1	14460000	14750000	+	10kb	LNCaP	tandem_duplication	
124.44799999999999	chr1	7910000	8370000	+	chr1	11240000	11370000	+	10kb	LNCaP	tandem_duplication	
58.754199999999997	chr1	9590000	9700000	+	chr1	12100000	12240000	+	10kb	LNCaP	tandem_duplication	
96.992900000000006	chr1	10430000	10680000	-	chr1	11840000	12090000	+	10kb	LNCaP	tandem_duplication	
95.794600000000003	chr2	37890000	38200000	-	chr2	74830000	74980000	-	10kb	LNCaP	tandem_duplication	
165.76499999999999	chr19	40590000	40720000	+	chr19	49130000	49470000	-	10kb	LNCaP	deletion	
186.38900000000001	chr17	7030000	7340000	+	chr17	43630000	43900000	+	10kb	LNCaP	tandem_duplication	
101.483	chr17	7010000	7340000	+	chr17	44700000	44760000	-	10kb	LNCaP	deletion	
192.86099999999999	chr13	67290000	67560000	+	chr13	75410000	75650000	-	10kb	LNCaP	deletion	
233.01900000000001	chr10	84180000	84350000	+	chr10	94820000	95400000	+	10kb	LNCaP	tandem_duplication	
57.293199999999999	chr10	84400000	84480000	+	chr10	99340000	99500000	-	10kb	LNCaP	deletion	
414.68099999999998	chr7	127490000	127750000	-	chr12	67260000	67680000	-	10kb	GB180	translocation	
142.68700000000001	chr7	127040000	127370000	-	chr12	67100000	67220000	+	10kb	GB180	translocation	
280.43599999999998	chr7	113240000	113570000	+	chr12	61130000	61400000	-	10kb	GB180	translocation	
450.79399999999998	chr3	27580000	28150000	+	chr13	106520000	106790000	+	10kb	GB180	translocation	
190.71100000000001	chr3	28160000	28660000	-	chr13	106960000	107160000	+	10kb	GB180	translocation	
4796.1400000000003	chr12	57610000	58130000	+	chr12	70480000	70780000	-	10kb	GB180	deletion	
66.419399999999996	chr11	117290000	117430000	+	chr19	9940000	10120000	-	10kb	MCF7	translocation	
569.01900000000001	chr15	62730000	63150000	-	chr8	43570000	43970000	-	10kb	MCF7	translocation	
670.55700000000002	chr17	48810000	49130000	-	chr20	58750000	59190000	+	10kb	MCF7	translocation	
660.827	chr17	47950000	48530000	+	chr20	57000000	57110000	-	10kb	MCF7	translocation	
521.02599999999995	chr17	49430000	49770000	+	chr20	59610000	59840000	-	10kb	MCF7	translocation	
3706.7	chr17	59830000	61930000	+	chr20	57100000	57280000	+	10kb	MCF7	translocation	
4107.3100000000004	chr17	75290000	75790000	-	chr20	50110000	52000000	+	10kb	MCF7	translocation	
824.44200000000001	chr17	61210000	61930000	-	chr20	50150000	50820000	+	10kb	MCF7	translocation	
61.731900000000003	chr19	58540000	58590000	+	chr12	61760000	62210000	+	10kb	MCF7	translocation	
103.379	chr3	41180000	41280000	-	chr2	222300000	222480000	+	10kb	MCF7	translocation	
306.43700000000001	chr1	166890000	167120000	+	chr20	6680000	6990000	-	10kb	MCF7	translocation	
75.752700000000004	chr1	157520000	157700000	+	chr5	169470000	169600000	-	10kb	MCF7	translocation	
150.66300000000001	chr7	35180000	35250000	+	chr10	80000	460000	-	10kb	MCF7	translocation	
69.416799999999995	chr22	34320000	34520000	-	chr2	240610000	240660000	+	10kb	MCF7	translocation	
221.31800000000001	chr12	33250000	33910000	+	chr8	42680000	42910000	+	10kb	MCF7	translocation	
1066.01	chr3	177120000	177970000	-	chr6	152970000	153210000	+	10kb	MCF7	translocation	
410.45800000000003	chr3	176960000	177120000	+	chr6	153200000	154040000	-	10kb	MCF7	translocation	
147.29900000000001	chr11	12000000	12300000	-	chr3	29600000	30300000	+	100kb	MCF7	translocation	
635.16499999999996	chr11	60700000	62900000	-	chr16	67100000	68400000	-	100kb	MCF7	translocation	
234.15	chr17	62100000	63100000	+	chr20	63600000	63700000	-	100kb	MCF7	translocation	
84.162800000000004	chr9	600000	1000000	-	chr8	75500000	76500000	-	100kb	MCF7	translocation	
188.37	chr7	8200000	9300000	+	chr21	42500000	42900000	-	100kb	MCF7	translocation	
56.140900000000002	chr17	73000000	75000000	+	chr1	153000000	163000000	-	1Mb	MCF7	translocation	
380.875	chr20	49900000	50190000	-	chr20	63760000	64280000	+	10kb	MCF7	tandem_duplication	
426.512	chr6	154690000	155000000	+	chr6	169660000	169860000	-	10kb	MCF7	deletion	
608.255	chr6	26000000	26400000	+	chr6	27460000	27900000	+	10kb	MCF7	tandem_duplication	
317.803	chr1	158110000	158160000	-	chr1	178950000	179800000	-	10kb	MCF7	tandem_duplication	
230.97200000000001	chr1	158130000	158430000	-	chr1	177920000	178110000	+	10kb	MCF7	tandem_duplication	
166.358	chr1	85250000	85570000	+	chr1	96010000	96240000	-	10kb	MCF7	deletion	
206.768	chr1	153800000	154070000	+	chr1	200340000	200580000	-	10kb	MCF7	deletion	
88.206800000000001	chr19	4020000	4230000	+	chr19	9940000	10160000	-	10kb	MCF7	deletion	
157.47800000000001	chr17	29400000	29880000	+	chr17	46870000	47000000	-	10kb	MCF7	deletion	
588.15800000000002	chr17	47670000	47990000	-	chr17	50850000	51160000	-	10kb	MCF7	tandem_duplication	
234.517	chr17	69230000	69340000	+	chr17	75410000	75820000	+	10kb	MCF7	tandem_duplication	
69.118600000000001	chrX	93740000	94340000	-	chrX	149950000	150000000	-	10kb	MCF7	tandem_duplication	
198.57499999999999	chr12	32900000	32990000	+	chr12	45120000	45790000	-	10kb	MCF7	deletion	
123.681	chr12	54250000	54400000	-	chr12	55910000	56230000	-	10kb	MCF7	tandem_duplication	
664.21199999999999	chr11	45810000	46010000	-	chr11	86340000	86860000	+	10kb	MCF7	tandem_duplication	
125.211	chr11	117510000	117800000	-	chr11	118930000	119120000	+	10kb	MCF7	tandem_duplication	
76.237300000000005	chr20	47100000	47200000	-	chr20	63600000	63700000	-	100kb	MCF7	tandem_duplication	
76.166200000000003	chr19	53500000	57100000	+	chr19	58200000	58600000	+	100kb	MCF7	tandem_duplication	
51.9619	chr17	4400000	5500000	+	chr17	7000000	7600000	-	100kb	MCF7	deletion	
74.575500000000005	chr12	64800000	65200000	-	chr12	110800000	111400000	-	100kb	MCF7	tandem_duplication	
66.370599999999996	chr12	124300000	125000000	+	chr12	130700000	132500000	+	100kb	MCF7	tandem_duplication	
79.8767	chr11	47600000	48100000	-	chr11	117800000	118600000	+	100kb	MCF7	tandem_duplication	
62.039499999999997	chr11	49900000	50800000	-	chr11	117800000	118100000	-	100kb	MCF7	tandem_duplication	
357.01100000000002	chr14	105470000	105870000	+	chr11	122100000	122850000	-	10kb	B-ALL	translocation	
47.696399999999997	chr16	5000000	8000000	+	chr12	127000000	130000000	+	1Mb	B-ALL	translocation	
92.483500000000006	chr4	161430000	161710000	-	chr17	60670000	60730000	+	10kb	SK-MEL-5	translocation	
60.762900000000002	chr11	71480000	71560000	-	chr17	55060000	55140000	+	10kb	SK-MEL-5	translocation	
230.58500000000001	chr9	137660000	137980000	+	chr6	27600000	27730000	+	10kb	SK-MEL-5	translocation	
1357.33	chr1	119180000	119560000	-	chr8	29820000	30220000	-	10kb	SK-MEL-5	translocation	
70.672899999999998	chr1	119720000	119730000	-	chr8	38770000	39050000	-	10kb	SK-MEL-5	translocation	
2389.9899999999998	chr5	147640000	148000000	+	chr14	92840000	93870000	-	10kb	SK-MEL-5	translocation	
687.56799999999998	chr5	148000000	148430000	-	chr14	92660000	92840000	+	10kb	SK-MEL-5	translocation	
92.330100000000002	chr17	72200000	72600000	-	chr6	0	700000	+	100kb	SK-MEL-5	translocation	
355.952	chr5	143700000	145600000	+	chr14	97300000	98700000	-	100kb	SK-MEL-5	translocation	
50.607999999999997	chr4	47000000	49000000	+	chr1	100000000	120000000	+	1Mb	SK-MEL-5	translocation	
40.851900000000001	chr13	50000000	52000000	+	chr2	144000000	147000000	+	1Mb	SK-MEL-5	translocation	
45.5047	chr17	40000000	42000000	+	chr19	20000000	25000000	+	1Mb	SK-MEL-5	translocation	
309.79300000000001	chr19	19000000	24000000	+	chr2	74000000	89000000	+	1Mb	SK-MEL-5	translocation	
227.93600000000001	chr1	147000000	154000000	+	chr21	10000000	43000000	+	1Mb	SK-MEL-5	translocation	
1511	chr9	21120000	21440000	+	chr9	27660000	29530000	-	10kb	SK-MEL-5	deletion	
72.188299999999998	chr8	34460000	34690000	+	chr8	41280000	41420000	-	10kb	SK-MEL-5	deletion	
155.81399999999999	chr8	34600000	34650000	+	chr8	39550000	40320000	+	10kb	SK-MEL-5	tandem_duplication	
55.556600000000003	chr8	34690000	34710000	-	chr8	39690000	40310000	+	10kb	SK-MEL-5	tandem_duplication	
44.425400000000003	chr8	31950000	32150000	-	chr8	43830000	43900000	+	10kb	SK-MEL-5	tandem_duplication	
66.298699999999997	chr8	33930000	34030000	-	chr8	43770000	43900000	-	10kb	SK-MEL-5	tandem_duplication	
618.46100000000001	chr4	6590000	6800000	+	chr5	900000	1380000	+	10kb	T47D	translocation	
8892.23	chr15	27200000	28140000	-	chr9	15500000	17340000	+	10kb	T47D	translocation	
3022.74	chr15	29660000	30080000	-	chr7	86890000	87700000	+	10kb	T47D	translocation	
546.13699999999994	chr9	89250000	89420000	+	chr3	45740000	46390000	+	10kb	T47D	translocation	
1507.67	chr9	90500000	90840000	-	chr5	139910000	140360000	-	10kb	T47D	translocation	
299.50099999999998	chr9	91590000	91970000	+	chr5	139910000	140190000	-	10kb	T47D	translocation	
285.47000000000003	chr3	136170000	137100000	-	chr5	171380000	171430000	+	10kb	T47D	translocation	
2779.17	chr3	169130000	170110000	-	chr10	79230000	79650000	+	10kb	T47D	translocation	
950.36699999999996	chr3	169130000	170160000	-	chr10	73240000	73280000	+	10kb	T47D	translocation	
628.96699999999998	chr3	190500000	191400000	-	chr10	73280000	73320000	-	10kb	T47D	translocation	
1463.77	chr3	193000000	193620000	-	chr12	15100000	15580000	-	10kb	T47D	translocation	
281.60899999999998	chr20	63490000	64000000	+	chr12	3070000	3490000	+	10kb	T47D	translocation	
156.357	chr20	63000000	63990000	+	chr12	50000	60000	-	10kb	T47D	translocation	
1066.78	chr22	16920000	17230000	+	chr6	71240000	72130000	+	10kb	T47D	translocation	
1226.7	chr12	15150000	15860000	-	chr16	67060000	67360000	-	10kb	T47D	translocation	
3337.97	chr14	24870000	25550000	-	chr8	36770000	38090000	+	10kb	T47D	translocation	
9442.65	chr20	54080000	56170000	+	chr10	56020000	58280000	-	10kb	T47D	translocation	
732.21500000000003	chr20	56170000	56580000	-	chr10	53650000	56020000	+	10kb	T47D	translocation	
218.47200000000001	chr4	5000000	6000000	-	chr5	40900000	41800000	-	100kb	T47D	translocation	
149.33799999999999	chr13	78800000	79300000	-	chr12	21300000	22100000	-	100kb	T47D	translocation	
702.10400000000004	chr15	22800000	26300000	+	chr9	37400000	42400000	-	100kb	T47D	translocation	
206.10300000000001	chr15	26300000	27200000	+	chr9	27700000	29700000	+	100kb	T47D	translocation	
252.476	chr17	27000000	35000000	-	chr9	68000000	99000000	+	1Mb	T47D	translocation	
1913.48	chr3	31000000	46000000	+	chr5	140000000	165000000	-	1Mb	T47D	translocation	
101.57	chr20	29000000	45000000	+	chr16	81000000	85000000	-	1Mb	T47D	translocation	
1072.3800000000001	chrX	33000000	64000000	+	chr6	46000000	59000000	+	1Mb	T47D	translocation	
3632.88	chr11	19870000	20500000	-	chr11	121190000	121860000	+	10kb	T47D	tandem_duplication	
2327.46	chr9	17340000	18710000	-	chr9	73150000	75190000	-	10kb	T47D	tandem_duplication	
2705.56	chr9	75040000	75340000	+	chr9	103600000	104790000	-	10kb	T47D	deletion	
344.68299999999999	chr9	82930000	83280000	+	chr9	91400000	91740000	-	10kb	T47D	deletion	
205.852	chr9	82900000	83000000	+	chr9	89560000	90290000	+	10kb	T47D	tandem_duplication	
351.27600000000001	chr3	130400000	130700000	-	chr3	141320000	141490000	-	10kb	T47D	tandem_duplication	
462.07400000000001	chr5	1200000	1540000	+	chr5	38400000	38900000	+	10kb	T47D	tandem_duplication	
260.52999999999997	chr5	1640000	1750000	+	chr5	40600000	40870000	-	10kb	T47D	deletion	
111.77	chr5	44520000	44900000	+	chr5	61950000	62170000	-	10kb	T47D	deletion	
509.77100000000002	chr10	17760000	18300000	+	chr10	35340000	35700000	-	10kb	T47D	deletion	
95.610100000000003	chr10	18080000	18280000	-	chr10	36210000	36880000	+	10kb	T47D	tandem_duplication	
584.75800000000004	chr10	80370000	81040000	-	chr10	102950000	103100000	+	10kb	T47D	tandem_duplication	
1032.78	chr10	68470000	69150000	+	chr10	102620000	102930000	+	10kb	T47D	tandem_duplication	
610.88499999999999	chr10	73310000	73670000	-	chr10	102940000	103100000	+	10kb	T47D	tandem_duplication	
550.16300000000001	chr8	34560000	34990000	-	chr8	38210000	38750000	-	10kb	T47D	tandem_duplication	
1333.72	chr7	31480000	32500000	-	chr7	83540000	85070000	-	10kb	T47D	inversion	
4736.08	chr7	30770000	31480000	+	chr7	82070000	83540000	+	10kb	T47D	inversion	
9728.7999999999993	chr11	10370000	11340000	+	chr12	24940000	26360000	+	10kb	Panc1	translocation	
2311.66	chr9	36850000	37780000	+	chr18	73460000	76350000	-	10kb	Panc1	translocation	
1098.9000000000001	chr16	20240000	20790000	+	chr6	122460000	123040000	+	10kb	Panc1	translocation	
351.779	chr16	34030000	34260000	+	chr6	126340000	126850000	+	10kb	Panc1	translocation	
273.60700000000003	chr16	6360000	6390000	+	chr6	125960000	126870000	+	10kb	Panc1	translocation	
3528.5	chr16	12460000	13870000	-	chr6	53780000	54900000	+	10kb	Panc1	translocation	
368.54	chr17	47340000	47450000	-	chr9	27580000	28130000	-	10kb	Panc1	translocation	
127.06100000000001	chr13	19600000	20200000	-	chr17	82400000	83000000	+	100kb	Panc1	translocation	
206.07	chr8	46000000	47600000	-	chr21	14000000	14400000	-	100kb	Panc1	translocation	
206.25899999999999	chr13	19000000	34000000	-	chr17	70000000	75000000	+	1Mb	Panc1	translocation	
176.16200000000001	chr13	19000000	22000000	-	chr17	47000000	64000000	-	1Mb	Panc1	translocation	
73.095699999999994	chr13	19000000	20000000	-	chr9	27000000	34000000	-	1Mb	Panc1	translocation	
75.157499999999999	chr17	51000000	57000000	-	chr18	74000000	80000000	-	1Mb	Panc1	translocation	
73.570999999999998	chr1	73000000	80000000	+	chr5	50000000	53000000	-	1Mb	Panc1	translocation	
527.98500000000001	chr3	93000000	99000000	-	chr10	41000000	60000000	-	1Mb	Panc1	translocation	
188.773	chr3	99000000	126000000	-	chr10	42000000	45000000	-	1Mb	Panc1	translocation	
756.76700000000005	chr17	61000000	61580000	-	chr17	69330000	70600000	-	10kb	Panc1	tandem_duplication	
287.69799999999998	chr17	27050000	27570000	-	chr17	63330000	63550000	-	10kb	Panc1	tandem_duplication	
869.32	chr17	48750000	49270000	+	chr17	57830000	58190000	+		10kb	Panc1	tandem_duplication
1143.47	chr17	35700000	36080000	+	chr17	39660000	40120000	-	10kb	Panc1	deletion	
401.95100000000002	chr17	41680000	41840000	-	chr17	48540000	48930000	-	10kb	Panc1	tandem_duplication	
2318.5500000000002	chr1	91230000	91840000	+	chr1	103760000	104500000	-	10kb	Panc1	deletion	
1673.63	chr1	103760000	104500000	+	chr1	119240000	119720000	-	10kb	Panc1	deletion	
658.596	chr1	91480000	91830000	+	chr1	119240000	119730000	-	10kb	Panc1	deletion	
41.755699999999997	chr18	460000	630000	-	chr18	34350000	34500000	+	10kb	Panc1	tandem_duplication	
390.89800000000002	chrX	43120000	43820000	-	chrX	121010000	123150000	-	10kb	Panc1	tandem_duplication	
323.86700000000002	chrX	97440000	97970000	-	chrX	120700000	120870000	+	10kb	Panc1	tandem_duplication	
661.49900000000002	chr6	127270000	127460000	-	chr6	166400000	167000000	-	10kb	Panc1	tandem_duplication	
765.16300000000001	chr6	108320000	108570000	-	chr6	123000000	123390000	+	10kb	Panc1	tandem_duplication	
378.86399999999998	chr6	73640000	73700000	+	chr6	105330000	106560000	-	10kb	Panc1	deletion	
605.81200000000001	chr6	116700000	117200000	+	chr6	126900000	127200000	+	10kb	Panc1	tandem_duplication	
328.483	chr20	32410000	33400000	+	chr19	5940000	6340000	-	10kb	RL	translocation	
143.411	chr20	35170000	35510000	+	chr19	6880000	7340000	+	10kb	RL	translocation	
320.13099999999997	chr20	31080000	31660000	+	chr17	44370000	45060000	+	10kb	RL	translocation	
249.464	chr4	2180000	2770000	+	chr19	46860000	47230000	+	10kb	RL	translocation	
296.64800000000002	chr3	187870000	188080000	-	chr8	127610000	128380000	-	10kb	RL	translocation	
95.405900000000003	chr3	52410000	52490000	+	chr13	99470000	100590000	-	10kb	RL	translocation	
62.783099999999997	chr3	137320000	137980000	+	chr13	98810000	99190000	+	10kb	RL	translocation	
813.00400000000002	chr9	137160000	138000000	+	chr11	66600000	67250000	-	10kb	RL	translocation	
292.75700000000001	chr18	63300000	63450000	-	chr14	104950000	105750000	+	10kb	RL	translocation	
65.728899999999996	chr17	31200000	31900000	-	chr12	47600000	48100000	+	100kb	RL	translocation	
153.07	chr20	17000000	26000000	+	chr17	45000000	58000000	-	1Mb	RL	translocation	
127.65300000000001	chr18	51000000	61000000	-	chr13	86000000	96000000	+	1Mb	RL	translocation	
111.756	chr22	23990000	24250000	+	chr22	26420000	26980000	+	10kb	RL	tandem_duplication	
74.723799999999997	chr3	52040000	52420000	+	chr3	134470000	134780000	+	10kb	RL	tandem_duplication	
93.071700000000007	chr3	49110000	49190000	-	chr3	133650000	134760000	+	10kb	RL	tandem_duplication	
57.810200000000002	chr17	13530000	14230000	+	chr17	31130000	31480000	+	10kb	RL	tandem_duplication	
342.13900000000001	chr10	130240000	131470000	+	chr10	132700000	133220000	-	10kb	RL	deletion	
140.89699999999999	chr19	21230000	21300000	-	chr15	74760000	74850000	-	10kb	A549	translocation	
396.197	chr8	125000000	125100000	-	chr11	91550000	92600000	+	10kb	A549	translocation	
139.352	chr8	125100000	125690000	+	chr11	92210000	92290000	+	10kb	A549	translocation	
437.94	chr20	24900000	26000000	+	chr3	69500000	70000000	+	100kb	A549	translocation	
450.17700000000002	chr6	157000000	171000000	+	chr1	145000000	163000000	-	1Mb	A549	translocation	
738.81	chr3	124400000	124960000	+	chr3	172700000	172920000	-	10kb	A549	deletion	
1426.39	chr3	39400000	39900000	+	chr3	141220000	141720000	-	10kb	A549	deletion	
245.77600000000001	chr3	165730000	166090000	+	chr3	170360000	170600000	+	10kb	A549	tandem_duplication	
156.98099999999999	chr19	30900000	31700000	-	chr19	42650000	42700000	+	10kb	A549	tandem_duplication	
88.881500000000003	chr19	30910000	31500000	-	chr19	42880000	43000000	-	10kb	A549	tandem_duplication	
5202.42	chr15	26470000	27540000	-	chr15	49820000	50410000	-	10kb	A549	tandem_duplication	
3774.12	chr15	34610000	35370000	+	chr15	72730000	73670000	+	10kb	A549	tandem_duplication	
2538.5300000000002	chr15	52220000	53710000	+	chr15	74850000	75220000	-	10kb	A549	deletion	
755.86400000000003	chr15	23750000	24750000	+	chr15	55030000	55280000	-	10kb	A549	deletion	
391.62799999999999	chr15	22790000	24760000	+	chr15	74760000	74850000	-	10kb	A549	deletion	
136.833	chr15	22750000	23890000	+	chr15	53710000	53740000	-	10kb	A549	deletion	
157.732	chr11	57710000	57950000	+	chr9	28150000	28450000	+	10kb	RPMI-7951	translocation	
186.31200000000001	chr17	22000000	22800000	+	chr9	97100000	97600000	+	100kb	RPMI-7951	translocation	
43.492899999999999	chr15	20000000	31000000	+	chr17	10000000	13000000	+	1Mb	RPMI-7951	translocation	
246.01	chr17	35930000	36080000	-	chr17	44080000	44720000	-	10kb	RPMI-7951	tandem_duplication	
349.01299999999998	chr17	40620000	41560000	+	chr17	43800000	44030000	+	10kb	RPMI-7951	tandem_duplication	
370.41699999999997	chr17	35510000	35900000	+	chr17	41560000	41700000	-	10kb	RPMI-7951	deletion	
1156.05	chrX	133840000	134040000	+	chrX	149950000	151090000	+	10kb	RPMI-7951	tandem_duplication	
589.05200000000002	chrX	80670000	80820000	+	chrX	149810000	150590000	-	10kb	RPMI-7951	deletion	
527.96299999999997	chrX	75510000	75650000	+	chrX	149810000	150600000	-	10kb	RPMI-7951	deletion	
519.32500000000005	chrX	150730000	151090000	-	chrX	155570000	156000000	-	10kb	RPMI-7951	tandem_duplication	
372.05399999999997	chrX	133840000	134040000	-	chrX	155600000	156000000	+	10kb	RPMI-7951	tandem_duplication	
694.44399999999996	chr9	98190000	98300000	-	chr9	107630000	108910000	-	10kb	RPMI-7951	tandem_duplication	
408.10500000000002	chr9	97910000	98190000	-	chr9	107240000	107640000	+	10kb	RPMI-7951	tandem_duplication	
128.684	chr1	27530000	27830000	+	chr11	65100000	65360000	-	10kb	GB182	translocation	
351.66500000000002	chr19	8940000	9150000	-	chr9	19330000	19690000	+	10kb	GB182	translocation	
587.41499999999996	chr19	5930000	6160000	+	chr9	26070000	27000000	-	10kb	GB182	translocation	
108.256	chr19	49710000	49830000	+	chr13	68340000	68620000	-	10kb	GB182	translocation	
80.093100000000007	chr1	86000000	89000000	-	chr2	192000000	197000000	-	1Mb	GB182	translocation	
83.549199999999999	chr1	81000000	85000000	-	chr8	103000000	113000000	-	1Mb	GB182	translocation	
55.640599999999999	chr2	72000000	76000000	-	chr8	115000000	118000000	+	1Mb	GB182	translocation	
217.14	chr1	4900000	5070000	+	chr1	14220000	14810000	-	10kb	GB182	deletion	
226.68899999999999	chr2	138850000	139270000	+	chr2	142300000	143000000	-	10kb	GB182	deletion	
610.83799999999997	chr9	18190000	18540000	+	chr9	26240000	26730000	-	10kb	GB182	deletion	
1115.29	chr6	16440000	17220000	-	chr18	43480000	43670000	-	10kb	AA86	translocation	
121.80200000000001	chr6	16450000	17230000	-	chr18	45880000	45990000	+	10kb	AA86	translocation	
848.17200000000003	chr6	6530000	6870000	+	chr18	42000000	42360000	+	10kb	AA86	translocation	
115.369	chr6	14440000	14730000	-	chr10	16520000	16670000	-	10kb	AA86	translocation	
125.986	chr18	79860000	80240000	+	chr9	20940000	21130000	+	10kb	AA86	translocation	
147.20400000000001	chr18	78650000	78890000	+	chr9	14050000	14230000	-	10kb	AA86	translocation	
716.78	chr18	69710000	69870000	-	chr9	17300000	21030000	+	10kb	AA86	translocation	
460.28	chr18	77690000	77780000	+	chr12	11340000	12000000	+	10kb	AA86	translocation	
261.29700000000003	chr18	33040000	33200000	-	chr10	8480000	9230000	-	10kb	AA86	translocation	
148.268	chr18	33200000	33770000	+	chr10	9190000	9320000	+	10kb	AA86	translocation	
322.46499999999997	chr8	104510000	104820000	+	chr10	3200000	3360000	+	10kb	AA86	translocation	
114.61	chr8	144750000	144990000	+	chr10	110000	340000	-	10kb	AA86	translocation	
114.11	chr8	107070000	107170000	+	chr10	11270000	11540000	-	10kb	AA86	translocation	
351.44	chr9	26770000	27070000	-	chr11	113110000	113350000	-	10kb	AA86	translocation	
403.14100000000002	chr9	10180000	10630000	+	chr10	6220000	6360000	+	10kb	AA86	translocation	
81.287300000000002	chr20	61940000	62620000	+	chr7	6410000	6580000	+	10kb	AA86	translocation	
202.67699999999999	chrX	53540000	53970000	-	chr16	69330000	69730000	+	10kb	AA86	translocation	
86.187299999999993	chr1	244000000	248000000	+	chr13	94000000	98000000	-	1Mb	AA86	translocation	
160.04499999999999	chr18	26000000	32000000	-	chr17	2000000	4000000	+	1Mb	AA86	translocation	
101.491	chr18	3000000	7000000	-	chr8	125000000	130000000	+	1Mb	AA86	translocation	
76.977500000000006	chr13	95000000	98000000	-	chr11	46000000	50000000	-	1Mb	AA86	translocation	
123.47799999999999	chr6	150000	180000	-	chr6	15100000	15760000	+	10kb	AA86	tandem_duplication	
78.096199999999996	chr6	6410000	6640000	+	chr6	15590000	15720000	-	10kb	AA86	deletion	
170.774	chr2	6940000	7070000	-	chr2	28300000	28570000	-	10kb	AA86	tandem_duplication	
213.029	chr3	161800000	162570000	+	chr3	167960000	168050000	-	10kb	AA86	deletion	
4801.24	chr9	1360000	2130000	-	chr9	26020000	26690000	-	10kb	AA86	tandem_duplication	
574.29499999999996	chr9	1360000	2100000	-	chr9	21170000	21210000	-	10kb	AA86	tandem_duplication	
1608.17	chr9	19900000	20370000	+	chr9	26020000	26650000	+	10kb	AA86	tandem_duplication	
1052.5999999999999	chr9	1360000	2000000	-	chr9	19870000	20370000	-	10kb	AA86	tandem_duplication	
181.39599999999999	chr7	31950000	32250000	-	chr7	36980000	37220000	+	10kb	AA86	tandem_duplication	
114.64400000000001	chr7	31750000	31940000	-	chr7	36610000	36980000	+	10kb	AA86	tandem_duplication	
57.059100000000001	chr10	3400000	3900000	-	chr10	11400000	11800000	+	100kb	AA86	tandem_duplication	
52.113399999999999	chr12	13400000	15000000	-	chr12	133000000	133300000	-	100kb	MHH-CALL-4	tandem_duplication	
45.333300000000001	chr22	33000000	35000000	-	chr19	19000000	24000000	-	1Mb	G401	translocation	
229.61500000000001	chr18	5000000	12000000	-	chr10	105000000	110000000	-	1Mb	G401	translocation	
193.36099999999999	chr18	900000	1600000	-	chr10	90300000	90700000	-	100kb	G401	translocation	
185.089	chr18	300000	1000000	+	chr10	89600000	90300000	+	100kb	G401	translocation	
94.155799999999999	chr22	32870000	33100000	+	chr22	34870000	35200000	-	10kb	G401	deletion	
100.994	chr22	32600000	34100000	+	chr22	47300000	48200000	+	100kb	G401	tandem_duplication	
60.275500000000001	chr21	38000000	38700000	+	chr21	39700000	41600000	-	100kb	G401	deletion	
47.313400000000001	chr4	10600000	11500000	+	chr4	14000000	14700000	-	100kb	G401	deletion	
79.459900000000005	chr5	2300000	3600000	-	chr5	16800000	17500000	-	100kb	G401	tandem_duplication	
150.29599999999999	chr18	6500000	8400000	+	chr18	10900000	11500000	-	100kb	G401	deletion	
92.509900000000002	chr18	5900000	6900000	+	chr18	7600000	8600000	-	100kb	G401	deletion	
