chr	start	end	SampleID	breakpoint_ID	component_ID	Mutual	Mutual_Breakpoint_IDs
chr3	73800000	75000000	PCa13266	1	0	False	
chr3	76010000	76130000	PCa13266	3	1	False	
chr4	179100000	179600000	PCa13266	0	0	False	
chr4	181680000	181710000	PCa13266	2	1	False	
chr6	84300000	84600000	PCa13266	4	2	False	
chr6	127700000	128300000	PCa13266	5	2	False	
chr1	75460000	75560000	PCa13848	6	0	True	PCa13848_BND00012488_37
chr1	79350000	79420000	PCa13848	7	0	False	
chr1	151000000	151300000	PCa13848	29	11	False	
chr1	201100000	201900000	PCa13848	27	10	False	
chr1	205000000	205600000	PCa13848	8	1	False	
chr2	198300000	199800000	PCa13848	22	8	False	
chr2	212700000	215000000	PCa13848	10	2	False	
chr2	226000000	227300000	PCa13848	12	3	False	
chr3	23700000	25000000	PCa13848	11	2	False	
chr3	25400000	27300000	PCa13848	42	4	False	
chr4	69200000	69900000	PCa13848	15	5	False	
chr5	59000000	59200000	PCa13848	17	6	True	PCa13848_INV00001845_49
chr5	172400000	173000000	PCa13848	18	6	False	
chr6	109500000	110500000	PCa13848	9	1	False	
chr6	160900000	162900000	PCa13848	25	9	False	
chr6	163100000	163400000	PCa13848	14	4	False	
chr6	165300000	166400000	PCa13848	13	3	False	
chr6	165600000	166400000	PCa13848	33	13	False	
chr6	168600000	169600000	PCa13848	31	12	False	
chr9	98000000	98900000	PCa13848	16	5	False	
chr10	5970000	6090000	PCa13848	19	7	True	PCa13848_DUP00002677_58
chr10	96630000	99300000	PCa13848	43	7	False	
chr11	104000000	105800000	PCa13848	21	8	False	
chr11	118500000	118900000	PCa13848	24	9	False	
chr11	123000000	123300000	PCa13848	23	4	False	
chr13	20000000	20400000	PCa13848	34	14	False	
chr13	21400000	22900000	PCa13848	30	12	True	PCa13848_INV00003798_65
chr13	39600000	40000000	PCa13848	35	14	True	PCa13848_DUP00002953_68
chr13	41700000	42200000	PCa13848	36	15	False	
chr13	42100000	42800000	PCa13848	32	13	False	
chr13	58900000	59300000	PCa13848	38	16	False	
chr13	88800000	89200000	PCa13848	37	15	False	
chr13	98700000	99200000	PCa13848	26	10	False	
chr13	99400000	100600000	PCa13848	28	11	False	
chr13	106800000	107200000	PCa13848	39	16	False	
chr14	35440000	35830000	PCa13848	44	18	False	
chr18	76340000	76460000	PCa13848	40	17	False	
chr20	21000000	23500000	PCa13848	20	7	False	
chr20	57700000	58220000	PCa13848	41	17	False	
chr21	38400000	38780000	PCa13848	46	18	True	PCa13848_DEL00866991_83
chr21	41450000	41620000	PCa13848	45	18	False	
chr2	112730000	112800000	PCa14121	49	1	False	
chr2	114600000	115180000	PCa14121	51	2	False	
chr2	115400000	115800000	PCa14121	47	0	True	PCa14121_INV00000953_88
chr2	127200000	127500000	PCa14121	48	0	False	
chr4	125340000	125380000	PCa14121	52	2	True	PCa14121_DEL00228232_93
chr4	125470000	125600000	PCa14121	50	1	False	
chr4	154870000	154930000	PCa14121	58	5	True	PCa14121_INV00001370_94,PCa14121_INV00001371_95
chr4	157730000	157880000	PCa14121	56	4	False	
chr11	32280000	32310000	PCa14121	54	3	False	
chr13	30670000	30940000	PCa14121	53	3	False	
chr14	72710000	72870000	PCa14121	55	4	False	
chr14	73000000	73120000	PCa14121	57	5	False	
chr2	73650000	73770000	PCa19121	59	0	False	
chr3	28290000	28340000	PCa19121	60	0	False	
chr3	68970000	69060000	PCa19121	68	4	False	
chr3	73080000	73100000	PCa19121	70	5	False	
chr3	79630000	79750000	PCa19121	65	3	False	
chr3	121600000	121880000	PCa19121	61	1	False	
chr3	123800000	124600000	PCa19121	63	2	False	
chr3	156140000	156170000	PCa19121	62	1	False	
chr3	156300000	157100000	PCa19121	64	2	False	
chr5	69030000	69300000	PCa19121	67	4	False	
chr5	73010000	73500000	PCa19121	69	5	False	
chr8	41510000	41550000	PCa19121	72	6	False	
chr9	92030000	92080000	PCa19121	66	3	False	
chr16	4450000	4700000	PCa19121	71	6	False	
chr16	4800000	5100000	PCa19121	73	7	False	
chr16	71100000	71600000	PCa19121	74	7	False	
chr21	38400000	38500000	PCa19121	75	8	True	PCa19121_DEL00719275_125
chr21	41500000	41620000	PCa19121	76	8	False	
chr2	137200000	137800000	PCa3023	77	0	True	PCa3023_DEL00099950_127
chr2	138770000	138800000	PCa3023	78	1	False	
chr2	142730000	143100000	PCa3023	106	0	False	
chr2	153840000	153900000	PCa3023	80	0	False	
chr2	155200000	155320000	PCa3023	79	1	False	
chr3	63890000	64000000	PCa3023	81	2	True	PCa3023_DEL00147209_130
chr3	73860000	73900000	PCa3023	82	2	False	
chr4	16250000	17500000	PCa3023	107	3	False	
chr4	95140000	95460000	PCa3023	83	3	False	
chr4	97700000	98200000	PCa3023	84	3	False	
chr4	114700000	115150000	PCa3023	108	4	True	PCa3023_DEL00216728_134,PCa3023_DUP00001368_135,PCa3023_DEL00216742_136
chr4	115480000	115660000	PCa3023	85	4	True	PCa3023_DEL00216918_137
chr4	118600000	120100000	PCa3023	109	4	True	PCa3023_DUP00001369_138
chr4	125200000	125800000	PCa3023	86	4	False	
chr4	133400000	135000000	PCa3023	110	4	True	PCa3023_DUP00001389_139,PCa3023_DUP00001390_140,PCa3023_DEL00221678_141,PCa3023_INV00001320_142
chr5	42300000	42340000	PCa3023	87	5	True	PCa3023_INV00001356_143
chr5	94600000	94670000	PCa3023	88	5	False	
chr6	76240000	76300000	PCa3023	89	6	True	PCa3023_INV00001474_145,PCa3023_INV00001475_146
chr6	97900000	97960000	PCa3023	90	6	False	
chr8	48300000	49600000	PCa3023	111	7	True	PCa3023_INV00001767_148
chr8	51830000	52040000	PCa3023	91	7	True	PCa3023_DUP00002090_149,PCa3023_INV00001771_150
chr8	58700000	60200000	PCa3023	113	7	False	
chr8	64700000	65650000	PCa3023	112	7	False	
chr8	144400000	145000000	PCa3023	92	8	True	PCa3023_BND00023303_151
chr10	34650000	37100000	PCa3023	114	8	False	
chr10	54800000	55300000	PCa3023	93	9	True	PCa3023_DEL00462459_153
chr10	80120000	80170000	PCa3023	95	10	True	PCa3023_DEL00468835_154
chr10	92500000	93100000	PCa3023	94	9	False	
chr10	101200000	101400000	PCa3023	97	11	False	
chr10	108500000	109300000	PCa3023	98	11	False	
chr10	110200000	110300000	PCa3023	96	10	False	
chr12	50900000	51400000	PCa3023	99	12	True	PCa3023_DEL00532618_157
chr12	110400000	110700000	PCa3023	100	12	False	
chr12	111170000	111220000	PCa3023	101	13	False	
chr16	60200000	62600000	PCa3023	115	7	False	
chr17	16040000	16210000	PCa3023	102	13	False	
chr17	78930000	79000000	PCa3023	103	8	True	PCa3023_BND00023303_162
chr21	38400000	38500000	PCa3023	104	14	False	
chr21	41500000	41620000	PCa3023	105	14	False	
chr4	94200000	94700000	PCa33173	116	0	False	
chr4	94800000	95700000	PCa33173	117	0	False	
chr7	12400000	15300000	PCa33173	118	0	False	
chr1	105900000	108000000	PCa40507	119	0	False	
chr1	108400000	109600000	PCa40507	127	4	False	
chr1	223000000	223900000	PCa40507	133	8	False	
chr1	230350000	230500000	PCa40507	121	1	False	
chr1	230600000	231300000	PCa40507	123	2	False	
chr1	234330000	234420000	PCa40507	132	7	True	PCa40507_BND00010844_166
chr2	3700000	6890000	PCa40507	158	4	False	
chr3	12000000	12300000	PCa40507	160	3	True	PCa40507_DEL00172975_173,PCa40507_DEL00173106_174
chr3	149820000	149890000	PCa40507	126	3	False	
chr3	151000000	152000000	PCa40507	125	3	False	
chr5	54500000	55800000	PCa40507	162	4	True	PCa40507_BND00012359_177
chr5	69100000	69500000	PCa40507	161	4	False	
chr7	69500000	70810000	PCa40507	163	6	False	
chr7	155400000	155520000	PCa40507	129	5	False	
chr8	93000000	93130000	PCa40507	128	5	False	
chr8	128100000	129200000	PCa40507	166	6	True	PCa40507_BND00013797_181
chr8	129470000	129620000	PCa40507	130	6	False	
chr8	134700000	137700000	PCa40507	164	6	True	PCa40507_BND00014215_182
chr10	49410000	49540000	PCa40507	131	7	True	PCa40507_BND00010844_184
chr10	68600000	69000000	PCa40507	134	8	False	
chr10	69400000	69900000	PCa40507	135	9	False	
chr10	79350000	79400000	PCa40507	137	8	True	PCa40507_DEL00609753_186
chr10	93400000	93700000	PCa40507	136	9	False	
chr10	110800000	112160000	PCa40507	165	8	False	
chr11	64000000	64200000	PCa40507	120	0	True	PCa40507_BND00012359_188
chr11	64260000	64310000	PCa40507	122	1	True	PCa40507_BND00012359_188
chr12	70480000	70570000	PCa40507	138	6	True	PCa40507_BND00013797_191
chr12	123700000	126800000	PCa40507	167	6	False	
chr16	13700000	14400000	PCa40507	139	10	False	
chr16	14600000	14700000	PCa40507	141	11	False	
chr16	46800000	47200000	PCa40507	140	10	False	
chr16	48000000	48300000	PCa40507	143	12	False	
chr16	48700000	49700000	PCa40507	145	13	False	
chr16	59100000	60500000	PCa40507	142	11	False	
chr16	77600000	78000000	PCa40507	146	13	False	
chr16	81200000	81900000	PCa40507	144	12	False	
chr17	5300000	6600000	PCa40507	147	14	False	
chr17	8200000	8900000	PCa40507	124	2	False	
chr17	9700000	10700000	PCa40507	149	15	False	
chr17	11300000	11800000	PCa40507	151	4	True	PCa40507_DUP00002973_195
chr17	45600000	45800000	PCa40507	150	15	False	
chr17	46300000	47400000	PCa40507	152	16	False	
chr17	47500000	47900000	PCa40507	148	14	False	
chr17	50100000	50500000	PCa40507	159	4	False	
chr17	51720000	51760000	PCa40507	154	17	False	
chr18	55000000	57600000	PCa40507	153	16	False	
chr18	67200000	67430000	PCa40507	155	17	False	
chr21	38400000	38500000	PCa40507	156	18	True	PCa40507_DEL00954688_198
chr21	41500000	41620000	PCa40507	157	18	True	PCa40507_DEL00955768_199
chr2	11070000	11500000	PCa51852	177	4	False	
chr7	128300000	128700000	PCa51852	173	2	False	
chr8	60800000	61100000	PCa51852	168	0	True	PCa51852_DEL00439606_211
chr8	113100000	113600000	PCa51852	169	0	False	
chr12	6680000	6840000	PCa51852	176	4	False	
chr12	58200000	59400000	PCa51852	170	1	False	
chr15	43800000	44700000	PCa51852	172	2	True	PCa51852_INV00003480_227
chr16	23700000	24300000	PCa51852	171	1	False	
chr17	41910000	42190000	PCa51852	178	5	False	
chr19	50770000	51130000	PCa51852	179	5	False	
chr21	38400000	38500000	PCa51852	174	3	True	PCa51852_DEL00818801_233
chr21	41500000	41620000	PCa51852	175	3	False	
chr1	57030000	57080000	PCa53687	180	0	False	
chr1	57630000	57750000	PCa53687	181	1	False	
chr1	58100000	60100000	PCa53687	194	0	False	
chr1	84820000	84960000	PCa53687	182	2	True	PCa53687_INV00000332_235
chr1	85000000	85390000	PCa53687	192	0	False	
chr1	116550000	116620000	PCa53687	183	2	False	
chr1	154960000	155070000	PCa53687	193	1	False	
chr1	231720000	232650000	PCa53687	196	6	True	PCa53687_BND00007859_236,PCa53687_BND00007858_237
chr3	36170000	36340000	PCa53687	185	3	False	
chr3	115500000	115620000	PCa53687	186	3	False	
chr4	69400000	69900000	PCa53687	187	0	True	PCa53687_DEL00020255_241
chr4	71470000	71610000	PCa53687	184	1	False	
chr4	76800000	79000000	PCa53687	195	0	False	
chr7	107430000	107740000	PCa53687	197	6	True	PCa53687_BND00007859_243,PCa53687_BND00007858_244
chr7	140630000	141040000	PCa53687	201	8	True	PCa53687_BND00035040_245
chr8	56120000	56260000	PCa53687	198	7	True	PCa53687_DUP00002258_247,PCa53687_DEL00016661_248
chr8	138140000	138720000	PCa53687	199	7	False	
chr15	46800000	47200000	PCa53687	188	4	False	
chr15	47000000	48100000	PCa53687	190	5	False	
chr15	70800000	71000000	PCa53687	189	4	False	
chr15	71500000	71700000	PCa53687	191	5	False	
chr19	15760000	16040000	PCa53687	200	8	True	PCa53687_BND00035040_258
chr1	47930000	48200000	PCa56413	293	27	False	
chr1	91470000	91560000	PCa56413	254	26	False	
chr1	91810000	92020000	PCa56413	252	25	False	
chr1	99800000	101600000	PCa56413	202	0	False	
chr2	7000000	8180000	PCa56413	271	1	False	
chr2	45610000	45800000	PCa56413	215	1	False	
chr2	46100000	46900000	PCa56413	204	1	False	
chr2	68400000	69900000	PCa56413	223	10	False	
chr2	97700000	98600000	PCa56413	273	35	False	
chr3	41700000	42000000	PCa56413	275	2	True	PCa56413_INV00001220_278,PCa56413_INV00001221_279
chr3	44350000	44510000	PCa56413	272	35	True	PCa56413_DEL00183838_281,PCa56413_DUP00001144_282
chr3	44870000	44960000	PCa56413	206	3	True	PCa56413_DEL00184012_283,PCa56413_INV00001232_284,PCa56413_DUP00001145_285
chr3	61200000	63600000	PCa56413	207	4	False	
chr3	66120000	66200000	PCa56413	209	2	False	
chr3	70780000	70840000	PCa56413	210	3	False	
chr3	73600000	75800000	PCa56413	274	35	False	
chr3	94600000	96800000	PCa56413	281	5	False	
chr3	108600000	109400000	PCa56413	279	2	True	PCa56413_INV00001266_286
chr3	114300000	114600000	PCa56413	208	4	False	
chr3	130000000	131100000	PCa56413	276	2	False	
chr3	131420000	131650000	PCa56413	278	3	True	PCa56413_DUP00001164_288
chr3	134550000	134570000	PCa56413	205	2	True	PCa56413_INV00001284_291,PCa56413_DEL00215240_292
chr3	146700000	149300000	PCa56413	280	2	True	PCa56413_INV00001288_293
chr3	156700000	157200000	PCa56413	277	2	False	
chr3	177030000	177400000	PCa56413	282	6	False	
chr4	38050000	38180000	PCa56413	237	17	False	
chr4	39150000	39460000	PCa56413	235	16	False	
chr5	90300000	90500000	PCa56413	212	5	False	
chr5	90900000	91500000	PCa56413	211	5	False	
chr5	177060000	177120000	PCa56413	283	1	False	
chr6	12300000	13600000	PCa56413	238	18	False	
chr6	66020000	66100000	PCa56413	216	7	True	PCa56413_DEL00393540_303
chr6	92700000	93300000	PCa56413	218	8	False	
chr6	109100000	109400000	PCa56413	219	8	False	
chr6	119900000	119950000	PCa56413	217	7	False	
chr6	136230000	136300000	PCa56413	220	9	False	
chr7	105440000	105520000	PCa56413	221	9	False	
chr8	18090000	18150000	PCa56413	224	11	False	
chr8	38400000	38800000	PCa56413	222	10	False	
chr8	41240000	41540000	PCa56413	225	11	False	
chr10	26320000	26550000	PCa56413	226	12	True	PCa56413_INV00002809_311
chr10	28600000	28670000	PCa56413	228	13	True	PCa56413_DUP00002394_312
chr10	68070000	68100000	PCa56413	227	12	False	
chr10	68740000	68900000	PCa56413	230	14	False	
chr10	83800000	84100000	PCa56413	232	15	True	PCa56413_DEL00611561_314
chr10	84560000	84600000	PCa56413	241	20	True	PCa56413_DUP00002490_315
chr10	85000000	86000000	PCa56413	267	33	False	
chr10	86310000	86370000	PCa56413	240	19	False	
chr10	87800000	88000000	PCa56413	286	20	True	PCa56413_DEL00612901_317
chr10	88780000	88830000	PCa56413	244	21	False	
chr10	89220000	89260000	PCa56413	231	14	False	
chr10	90950000	91100000	PCa56413	229	13	False	
chr10	91900000	92500000	PCa56413	233	15	False	
chr10	100290000	100510000	PCa56413	257	28	False	
chr10	102500000	102660000	PCa56413	259	29	False	
chr10	103210000	103370000	PCa56413	255	27	False	
chr12	10210000	10360000	PCa56413	234	16	False	
chr12	27310000	27740000	PCa56413	236	17	False	
chr12	44900000	49300000	PCa56413	289	24	False	
chr12	58640000	58780000	PCa56413	245	22	False	
chr12	59190000	59420000	PCa56413	239	19	False	
chr12	60540000	62700000	PCa56413	285	20	True	PCa56413_DUP00002593_320
chr12	61930000	62220000	PCa56413	242	20	False	
chr12	68800000	69870000	PCa56413	284	18	False	
chr12	103600000	104100000	PCa56413	287	20	True	PCa56413_DEL00713839_321
chr12	104030000	104060000	PCa56413	246	22	False	
chr12	105410000	105490000	PCa56413	247	23	False	
chr12	105570000	106250000	PCa56413	243	21	True	PCa56413_DEL00714498_322
chr12	121810000	122020000	PCa56413	288	23	False	
chr14	21520000	21700000	PCa56413	251	25	False	
chr14	22450000	22530000	PCa56413	260	30	True	PCa56413_INV00003160_325
chr14	23470000	23500000	PCa56413	262	31	False	
chr14	24030000	24170000	PCa56413	264	32	False	
chr14	30580000	30730000	PCa56413	263	31	False	
chr14	31360000	31480000	PCa56413	261	30	False	
chr14	54300000	54450000	PCa56413	253	26	False	
chr14	56000000	57400000	PCa56413	292	27	True	PCa56413_DUP00002640_326
chr14	88480000	90000000	PCa56413	290	24	False	
chr14	99880000	100200000	PCa56413	294	27	False	
chr14	101660000	101800000	PCa56413	295	27	False	
chr14	102300000	102360000	PCa56413	265	32	False	
chr14	103310000	103440000	PCa56413	256	28	False	
chr14	103520000	103670000	PCa56413	258	29	False	
chr14	106470000	106540000	PCa56413	248	18	False	
chr15	25100000	29100000	PCa56413	203	0	False	
chr17	22700000	28300000	PCa56413	266	33	False	
chr21	31620000	31660000	PCa56413	249	23	False	
chr21	32260000	33200000	PCa56413	291	20	False	
chr21	38400000	38500000	PCa56413	268	34	True	PCa56413_DEL00953709_338
chr21	41500000	41620000	PCa56413	269	34	False	
chrX	53000000	53900000	PCa56413	250	24	False	
chrX	57970000	58060000	PCa56413	213	6	False	
chrX	67670000	67830000	PCa56413	270	24	False	
chrX	68000000	68140000	PCa56413	214	6	False	
chrX	144620000	144740000	PCa56413	296	24	False	
chr12	110990000	111800000	PCa57294	305	0	False	
chr12	113300000	114700000	PCa57294	298	1	False	
chr12	124400000	125100000	PCa57294	300	2	False	
chr16	13760000	13800000	PCa57294	303	3	False	
chr16	14000000	15100000	PCa57294	297	0	False	
chr16	15100000	18000000	PCa57294	299	1	False	
chr16	27200000	28300000	PCa57294	301	2	False	
chr22	42890000	42980000	PCa57294	304	3	False	
chr22	43140000	43190000	PCa57294	302	0	False	
chr3	77400000	79100000	PCa58215	307	0	False	
chr4	26400000	27500000	PCa58215	306	0	False	
chr7	106500000	108000000	PCa58215	311	2	False	
chr7	113700000	116100000	PCa58215	309	1	False	
chr7	138200000	139200000	PCa58215	310	2	True	PCa58215_BND00017165_360
chr12	106100000	106300000	PCa58215	312	3	False	
chr12	108100000	108600000	PCa58215	308	1	False	
chr12	128100000	130400000	PCa58215	316	2	True	PCa58215_BND00017165_365
chr12	130000000	130500000	PCa58215	313	3	False	
chr13	30100000	30600000	PCa58215	314	4	True	PCa58215_DEL00727775_367
chr13	73700000	75300000	PCa58215	315	4	False	
