Sample	Chrom1	Start1	End1	Strand1	Chrom2	Start2	End2	Strand2	LogOdds	Resolution
PCa13266	chr4	181680000	181710000	-	chr3	76010000	76130000	-	60.4179	10kb
PCa13266	chr4	179100000	179600000	-	chr3	73800000	75000000	+	888.196	100kb
PCa13266	chr19	36200000	37900000	+	chr19	43800000	44600000	-	555.732	100kb
PCa13266	chr19	43800000	44500000	+	chr19	56400000	58300000	-	94.9961	100kb
PCa13266	chrY	13500000	15300000	+	chrY	16000000	17400000	-	153.882	100kb
PCa13266	chr6	84300000	84600000	+	chr6	127700000	128300000	+	84.0539	100kb
PCa13848	chr18	76340000	76460000	+	chr20	57700000	58220000	-	143.258	10kb
PCa13848	chr14	35700000	35830000	-	chr21	38500000	38780000	-	783.964	10kb
PCa13848	chr14	35440000	35700000	+	chr21	41450000	41500000	+	263.501	10kb
PCa13848	chr11	104000000	105800000	+	chr2	198300000	199800000	-	1371.93	100kb
PCa13848	chr11	123000000	123300000	-	chr3	25400000	27200000	-	557.806	100kb
PCa13848	chr11	118500000	118900000	-	chr6	160900000	162900000	+	1177.81	100kb
PCa13848	chr2	212700000	215000000	-	chr3	23700000	25000000	-	709.013	100kb
PCa13848	chr2	226000000	227300000	-	chr6	165300000	166400000	-	2865.34	100kb
PCa13848	chr3	25400000	27300000	-	chr6	163100000	163400000	-	1178.44	100kb
PCa13848	chr4	69200000	69900000	+	chr9	98000000	98900000	-	701.427	100kb
PCa13848	chr13	99400000	100600000	-	chr1	151000000	151300000	-	208.303	100kb
PCa13848	chr13	98700000	99200000	+	chr1	201100000	201900000	+	655.326	100kb
PCa13848	chr13	21400000	22900000	-	chr6	168600000	169600000	-	898.379	100kb
PCa13848	chr13	42100000	42800000	-	chr6	165600000	166400000	+	754.075	100kb
PCa13848	chr1	205000000	205600000	+	chr6	109500000	110500000	+	683.678	100kb
PCa13848	chr10	96700000	99300000	-	chr20	21000000	23500000	-	4074.27	100kb
PCa13848	chr10	106100000	107800000	-	chr20	30900000	31500000	+	180.229	100kb
PCa13848	chr8	45000000	47100000	+	chr20	30400000	31500000	+	375.551	100kb
PCa13848	chr11	123000000	134000000	-	chr3	75000000	91000000	+	430.001	1Mb
PCa13848	chr8	46000000	80000000	-	chr10	104000000	111000000	-	1398.15	1Mb
PCa13848	chr13	53000000	60000000	+	chr6	152000000	164000000	-	173.334	1Mb
PCa13848	chr1	208000000	219000000	+	chr6	96000000	106000000	-	161.433	1Mb
PCa13848	chr1	75460000	75560000	+	chr1	79350000	79420000	+	91.2972	10kb
PCa13848	chr10	5970000	6090000	-	chr10	96630000	96720000	-	328.899	10kb
PCa13848	chr5	59000000	59200000	+	chr5	172400000	173000000	+	53.8291	100kb
PCa13848	chr13	41700000	42200000	-	chr13	88800000	89200000	+	77.1269	100kb
PCa13848	chr13	20000000	20400000	+	chr13	39600000	40000000	+	69.9005	100kb
PCa13848	chr13	58900000	59300000	-	chr13	106800000	107200000	-	61.2957	100kb
PCa13848	chr19	36300000	37800000	+	chr19	43800000	44500000	-	229.383	100kb
PCa13848	chrY	13800000	14600000	+	chrY	15500000	17400000	-	69.1986	100kb
PCa13848	chr7	56100000	58100000	+	chr7	60900000	62400000	+	60.1504	100kb
PCa13848	chr11	54500000	55800000	+	chr11	87500000	87900000	-	54.7209	100kb
PCa14121	chr14	72710000	72870000	+	chr4	157730000	157880000	-	270.586	10kb
PCa14121	chr14	73000000	73120000	-	chr4	154870000	154930000	+	86.9914	10kb
PCa14121	chr2	114600000	115180000	+	chr4	125340000	125380000	-	180.728	10kb
PCa14121	chr2	112730000	112800000	+	chr4	125470000	125600000	+	146.984	10kb
PCa14121	chr13	30670000	30940000	+	chr11	32280000	32310000	+	64.821	10kb
PCa14121	chr2	115400000	115800000	-	chr2	127200000	127500000	-	68.1705	100kb
PCa14121	chrY	13500000	15300000	+	chrY	15900000	17400000	-	129.078	100kb
PCa19121	chr5	73010000	73500000	-	chr3	73080000	73100000	-	82.3663	10kb
PCa19121	chr5	69030000	69300000	+	chr3	68970000	69060000	+	387.738	10kb
PCa19121	chr16	4450000	4700000	+	chr8	41510000	41550000	-	306.152	10kb
PCa19121	chr3	79630000	79750000	+	chr9	92030000	92080000	+	101.654	10kb
PCa19121	chr2	73650000	73770000	-	chr3	28290000	28340000	-	83.162	10kb
PCa19121	chr5	41000000	66000000	-	chr3	16000000	38000000	+	203.7	1Mb
PCa19121	chr2	49000000	61000000	+	chr3	74000000	91000000	+	530.895	1Mb
PCa19121	chr3	121600000	121880000	-	chr3	156140000	156170000	-	96.2044	10kb
PCa19121	chr16	4800000	5100000	-	chr16	71100000	71600000	+	72.404	100kb
PCa19121	chr3	123800000	124600000	-	chr3	156300000	157100000	-	401.232	100kb
PCa19121	chrY	13500000	15700000	+	chrY	16500000	17400000	-	93.2473	100kb
PCa19121	chr7	56100000	58100000	+	chr7	60900000	62400000	+	56.2602	100kb
PCa19121	chr1	143500000	143700000	-	chr1	157300000	159600000	-	112.09	100kb
PCa19121	chr1	143500000	143700000	-	chr1	152300000	153300000	+	107.012	100kb
PCa19121	chr11	50700000	55400000	+	chr11	87400000	88000000	+	71.1679	100kb
PCa3023	chr12	111170000	111220000	+	chr17	16040000	16210000	+	155.128	10kb
PCa3023	chr17	78930000	79000000	+	chr10	34650000	34980000	-	465.235	10kb
PCa3023	chr16	60200000	62600000	+	chr8	48300000	49600000	+	4906.4	100kb
PCa3023	chr16	61000000	62600000	+	chr8	64700000	65600000	-	2753.93	100kb
PCa3023	chr16	61700000	62500000	+	chr8	58700000	60200000	+	324.294	100kb
PCa3023	chr8	144400000	145000000	-	chr10	35000000	37100000	-	1653.22	100kb
PCa3023	chr17	51000000	56000000	-	chr10	18000000	28000000	+	158.356	1Mb
PCa3023	chr3	63890000	64000000	+	chr3	73860000	73900000	-	78.311	10kb
PCa3023	chr8	51830000	52040000	-	chr8	65620000	65650000	-	92.0457	10kb
PCa3023	chr4	16250000	16280000	+	chr4	95140000	95460000	-	180.155	10kb
PCa3023	chr4	115010000	115150000	-	chr4	133420000	133450000	-	148.436	10kb
PCa3023	chr4	115480000	115660000	+	chr4	133440000	133480000	-	128.318	10kb
PCa3023	chr2	138770000	138800000	+	chr2	155200000	155320000	-	75.3276	10kb
PCa3023	chr2	142730000	142790000	+	chr2	153840000	153900000	+	61.9988	10kb
PCa3023	chr6	76240000	76300000	-	chr6	97900000	97960000	-	62.7941	10kb
PCa3023	chr10	80120000	80170000	+	chr10	110200000	110300000	-	101.78	10kb
PCa3023	chr5	42300000	42340000	-	chr5	94600000	94670000	-	56.0765	10kb
PCa3023	chr12	50900000	51400000	-	chr12	110400000	110700000	-	79.8761	100kb
PCa3023	chr16	5300000	8400000	-	chr16	34000000	34200000	+	138.846	100kb
PCa3023	chr8	48300000	49000000	-	chr8	64700000	65600000	-	427.815	100kb
PCa3023	chr8	49000000	49600000	+	chr8	59900000	60200000	+	104.704	100kb
PCa3023	chr19	36300000	37900000	-	chr19	43800000	44500000	+	310.097	100kb
PCa3023	chr4	16300000	17500000	-	chr4	97700000	98200000	-	362.292	100kb
PCa3023	chr4	118600000	119000000	-	chr4	125200000	125800000	+	122.832	100kb
PCa3023	chr4	114700000	115000000	+	chr4	119000000	120100000	-	115.288	100kb
PCa3023	chr4	118900000	119000000	-	chr4	133400000	135000000	-	75.1984	100kb
PCa3023	chrY	13500000	15400000	+	chrY	16500000	17400000	-	101.031	100kb
PCa3023	chr2	137200000	137800000	+	chr2	142800000	143100000	-	68.0965	100kb
PCa3023	chr10	54800000	55300000	+	chr10	92500000	93100000	-	117.534	100kb
PCa3023	chr10	101200000	101400000	-	chr10	108500000	109300000	+	82.202	100kb
PCa33173	chr4	94800000	95700000	-	chr7	14000000	15300000	-	1860.01	100kb
PCa33173	chr4	94200000	94700000	+	chr7	12400000	14100000	+	1506.98	100kb
PCa33173	chr19	36300000	37900000	-	chr19	43800000	44500000	-	319.608	100kb
PCa33173	chr16	5200000	8500000	+	chr16	34000000	34200000	-	68.9567	100kb
PCa33173	chr1	143500000	143700000	-	chr1	157200000	159700000	+	113.358	100kb
PCa33173	chr1	143500000	143700000	-	chr1	152300000	153400000	-	87.4726	100kb
PCa33173	chrY	13600000	15300000	+	chrY	15900000	17400000	-	141.904	100kb
PCa33173	chr7	56200000	58100000	+	chr7	60900000	62400000	+	75.9528	100kb
PCa40507	chr12	70480000	70570000	-	chr8	128100000	128150000	+	92.9259	10kb
PCa40507	chr10	49410000	49540000	+	chr1	234330000	234420000	+	149.987	10kb
PCa40507	chr1	230350000	230500000	+	chr11	64260000	64310000	+	81.0574	10kb
PCa40507	chr8	129470000	129620000	-	chr7	70740000	70810000	-	97.7349	10kb
PCa40507	chr8	93000000	93130000	-	chr7	155400000	155520000	-	113.591	10kb
PCa40507	chr2	6810000	6890000	-	chr17	50440000	50480000	-	81.3226	10kb
PCa40507	chr17	51720000	51760000	+	chr18	67200000	67430000	+	79.0419	10kb
PCa40507	chr12	123700000	124900000	+	chr8	134700000	136000000	+	2172.59	100kb
PCa40507	chr12	124900000	126800000	-	chr8	128200000	129200000	-	1235.44	100kb
PCa40507	chr5	69100000	69500000	-	chr1	108400000	109600000	-	587.295	100kb
PCa40507	chr5	54500000	55300000	+	chr2	3700000	6800000	+	1501.45	100kb
PCa40507	chr10	111000000	111900000	+	chr1	223000000	223900000	+	311.371	100kb
PCa40507	chr1	105900000	108000000	+	chr11	64000000	64200000	-	190.181	100kb
PCa40507	chr8	136000000	137700000	-	chr7	69500000	70700000	+	2200.91	100kb
PCa40507	chr17	46300000	47400000	+	chr18	55000000	57600000	+	1767.81	100kb
PCa40507	chr1	230600000	231300000	-	chr17	8200000	8900000	-	531.841	100kb
PCa40507	chr3	12010000	12200000	-	chr3	149820000	149890000	+	75.9403	10kb
PCa40507	chr10	79350000	79400000	+	chr10	112050000	112160000	+	78.231	10kb
PCa40507	chr19	36300000	37800000	+	chr19	43800000	44500000	+	168.378	100kb
PCa40507	chr17	9700000	10700000	+	chr17	45600000	45800000	+	197.397	100kb
PCa40507	chr17	11300000	11800000	+	chr17	50100000	50500000	+	145.597	100kb
PCa40507	chr17	5300000	6600000	+	chr17	47500000	47900000	+	141.183	100kb
PCa40507	chr3	12000000	12300000	+	chr3	151000000	152000000	-	110.107	100kb
PCa40507	chrY	12900000	15300000	+	chrY	16000000	17400000	-	214.264	100kb
PCa40507	chr10	68600000	69000000	-	chr10	110800000	112000000	+	245.198	100kb
PCa40507	chr10	69400000	69900000	-	chr10	93400000	93700000	-	61.2375	100kb
PCa40507	chr5	55300000	55800000	-	chr5	69100000	69300000	-	57.6012	100kb
PCa40507	chr16	13700000	14400000	+	chr16	46800000	47200000	+	207.073	100kb
PCa40507	chr16	48000000	48300000	-	chr16	81200000	81900000	-	134.066	100kb
PCa40507	chr16	48700000	49700000	+	chr16	77600000	78000000	+	105.308	100kb
PCa40507	chr16	14600000	14700000	-	chr16	59100000	60500000	-	81.7447	100kb
PCa51852	chr17	41980000	42190000	-	chr19	50770000	50880000	+	224.481	10kb
PCa51852	chr17	41910000	41980000	+	chr19	50880000	51130000	-	218.557	10kb
PCa51852	chr12	6680000	6780000	+	chr2	11230000	11500000	+	268.964	10kb
PCa51852	chr12	6780000	6840000	-	chr2	11070000	11220000	+	181.597	10kb
PCa51852	chr12	58200000	59400000	-	chr16	23700000	24300000	-	466.783	100kb
PCa51852	chr15	43800000	44700000	+	chr7	128300000	128700000	+	436.506	100kb
PCa51852	chr3	179000000	181000000	+	chr15	28000000	31000000	-	57.7806	1Mb
PCa51852	chr16	15000000	18000000	+	chr13	84000000	90000000	+	89.1607	1Mb
PCa51852	chr21	38400000	38500000	+	chr21	41500000	41620000	-	322.447	10kb
PCa51852	chr1	125100000	143700000	+	chr1	157500000	159500000	-	76.1985	100kb
PCa51852	chr1	125100000	143700000	+	chr1	152500000	153300000	-	69.8616	100kb
PCa51852	chr8	60800000	61100000	+	chr8	113100000	113600000	-	85.5346	100kb
PCa51852	chrY	12900000	15400000	+	chrY	16500000	17400000	-	106.713	100kb
PCa53687	chr1	155000000	155070000	+	chr4	71470000	71610000	+	165.701	10kb
PCa53687	chr19	15920000	16040000	-	chr7	140790000	141040000	-	336.678	10kb
PCa53687	chr19	15760000	15920000	-	chr7	140630000	140780000	+	327.621	10kb
PCa53687	chr1	232580000	232650000	-	chr7	107430000	107700000	+	297.404	10kb
PCa53687	chr1	231720000	232580000	-	chr7	107710000	107740000	-	217.158	10kb
PCa53687	chr1	58500000	60100000	-	chr4	76800000	78500000	+	3973.71	100kb
PCa53687	chr1	81900000	84800000	+	chr9	0	1900000	+	2138.68	100kb
PCa53687	chr3	36170000	36340000	-	chr3	115500000	115620000	-	147.829	10kb
PCa53687	chr3	27830000	27900000	+	chr3	89210000	89310000	-	121.3	10kb
PCa53687	chr1	57630000	57750000	+	chr1	154960000	154990000	-	72.7242	10kb
PCa53687	chr1	84820000	84960000	+	chr1	116550000	116620000	-	125.936	10kb
PCa53687	chr1	57030000	57080000	+	chr1	85300000	85390000	-	74.4051	10kb
PCa53687	chr8	56220000	56260000	-	chr8	138140000	138590000	-	234.704	10kb
PCa53687	chr8	56120000	56210000	+	chr8	138610000	138720000	-	191.54	10kb
PCa53687	chr15	47000000	48100000	+	chr15	71500000	71700000	-	123.888	100kb
PCa53687	chr15	46800000	47200000	-	chr15	70800000	71000000	+	58.0215	100kb
PCa53687	chr4	69400000	69900000	+	chr4	78500000	79000000	-	160.765	100kb
PCa53687	chrY	13500000	15300000	+	chrY	15900000	17400000	-	162.35	100kb
PCa53687	chr1	58100000	58600000	+	chr1	85000000	85300000	+	68.1321	100kb
PCa56413	chr3	44390000	44510000	-	chr2	97740000	97810000	-	226.614	10kb
PCa56413	chr3	177030000	177300000	+	chrX	57970000	58060000	-	256.742	10kb
PCa56413	chr3	177310000	177400000	-	chrX	68000000	68140000	+	169.858	10kb
PCa56413	chr12	69740000	69870000	-	chr14	106470000	106540000	+	64.0032	10kb
PCa56413	chr12	27310000	27740000	-	chr4	38050000	38180000	+	474.216	10kb
PCa56413	chr12	10210000	10360000	+	chr4	39150000	39460000	-	881.412	10kb
PCa56413	chr12	103600000	103830000	+	chr21	32260000	32350000	-	288.456	10kb
PCa56413	chr12	121810000	121890000	-	chr21	31620000	31660000	+	83.9409	10kb
PCa56413	chr12	103840000	103890000	-	chr10	87940000	88000000	-	104.725	10kb
PCa56413	chr12	105570000	106250000	-	chr10	88780000	88830000	-	445.355	10kb
PCa56413	chr12	61930000	62220000	+	chr10	87800000	87930000	+	347.922	10kb
PCa56413	chr12	59190000	59420000	-	chr10	86310000	86370000	-	283.797	10kb
PCa56413	chr12	60540000	60840000	+	chr10	84560000	84600000	+	186.201	10kb
PCa56413	chr5	177060000	177090000	+	chr2	45610000	45800000	-	69.2644	10kb
PCa56413	chr5	177100000	177120000	-	chr2	8000000	8180000	+	71.7226	10kb
PCa56413	chr14	54300000	54450000	+	chr1	91470000	91560000	+	312.668	10kb
PCa56413	chr14	21520000	21700000	+	chr1	91810000	92020000	-	831.865	10kb
PCa56413	chr14	100040000	100200000	-	chr1	47930000	48120000	-	663.091	10kb
PCa56413	chr14	103310000	103440000	+	chr10	100290000	100510000	+	586.073	10kb
PCa56413	chr14	103520000	103670000	-	chr10	102500000	102660000	+	397.323	10kb
PCa56413	chr14	99880000	99990000	+	chr10	103210000	103370000	-	254.567	10kb
PCa56413	chr14	88480000	88600000	+	chrX	144700000	144740000	+	60.5715	10kb
PCa56413	chr6	136230000	136300000	+	chr7	105440000	105520000	+	61.0481	10kb
PCa56413	chr21	32350000	32410000	-	chr10	87940000	88000000	+	60.2075	10kb
PCa56413	chr17	22700000	28300000	+	chr10	85000000	86000000	-	2876.49	100kb
PCa56413	chr3	94600000	96200000	+	chr5	90900000	91500000	-	417.272	100kb
PCa56413	chr3	96100000	96800000	-	chr5	90300000	90500000	-	101.355	100kb
PCa56413	chr3	73600000	75800000	-	chr2	97700000	98600000	-	1713.01	100kb
PCa56413	chr12	44900000	46000000	+	chr14	88600000	90000000	-	2529.52	100kb
PCa56413	chr12	68800000	69800000	+	chr6	12300000	13600000	-	2431.62	100kb
PCa56413	chr12	60800000	62700000	-	chr21	32300000	33200000	-	1738.98	100kb
PCa56413	chr12	46000000	49300000	+	chrX	53000000	53900000	-	1745.14	100kb
PCa56413	chr14	56000000	57400000	-	chr1	48000000	48200000	-	106.348	100kb
PCa56413	chr1	99800000	101600000	+	chr15	25100000	29100000	-	668.377	100kb
PCa56413	chr8	38400000	38800000	-	chr2	68400000	69900000	+	781.953	100kb
PCa56413	chr3	157000000	164000000	-	chr2	75000000	85000000	+	180.795	1Mb
PCa56413	chr14	22000000	40000000	-	chr10	92000000	100000000	-	378.653	1Mb
PCa56413	chr14	24000000	31000000	+	chr10	42000000	59000000	+	267.16	1Mb
PCa56413	chr1	85000000	91000000	+	chr10	104000000	110000000	-	61.0564	1Mb
PCa56413	chr6	151000000	156000000	-	chr7	78000000	96000000	+	126.44	1Mb
PCa56413	chr21	10000000	30000000	+	chr10	93000000	111000000	+	87.7904	1Mb
PCa56413	chr12	58640000	58780000	+	chr12	104030000	104060000	+	101.832	10kb
PCa56413	chr12	105410000	105490000	-	chr12	121900000	122020000	-	111.897	10kb
PCa56413	chr14	56300000	56490000	-	chr14	101660000	101800000	+	209.382	10kb
PCa56413	chr14	56000000	56300000	-	chr14	101770000	101800000	-	126.615	10kb
PCa56413	chr14	22450000	22530000	-	chr14	31360000	31480000	-	121.947	10kb
PCa56413	chr14	24030000	24170000	-	chr14	102300000	102360000	-	195.59	10kb
PCa56413	chr14	23470000	23500000	+	chr14	30580000	30730000	-	65.6077	10kb
PCa56413	chr3	44350000	44390000	-	chr3	73610000	73690000	-	64.4892	10kb
PCa56413	chr3	41700000	41890000	+	chr3	134550000	134570000	+	72.9474	10kb
PCa56413	chr3	44870000	44960000	-	chr3	131420000	131560000	+	243.37	10kb
PCa56413	chr3	41900000	42000000	+	chr3	130950000	131030000	+	177.516	10kb
PCa56413	chr3	41910000	41970000	-	chr3	156830000	157140000	-	139.239	10kb
PCa56413	chr3	149110000	149270000	+	chr3	156700000	156790000	-	210.504	10kb
PCa56413	chr3	70780000	70840000	+	chr3	131530000	131650000	+	73.2655	10kb
PCa56413	chr8	18090000	18150000	+	chr8	41240000	41540000	-	269.973	10kb
PCa56413	chr6	66020000	66100000	+	chr6	119900000	119950000	+	78.1452	10kb
PCa56413	chrX	67670000	67830000	+	chrX	144620000	144690000	+	174.324	10kb
PCa56413	chrX	52340000	52430000	-	chrX	67850000	67990000	-	180.209	10kb
PCa56413	chr10	28600000	28670000	-	chr10	90950000	91100000	+	166.184	10kb
PCa56413	chr10	26320000	26550000	+	chr10	68070000	68100000	+	131.407	10kb
PCa56413	chr10	68740000	68900000	-	chr10	89220000	89260000	+	66.0003	10kb
PCa56413	chr3	66120000	66200000	+	chr3	109330000	109390000	-	84.9794	10kb
PCa56413	chr12	60800000	62300000	-	chr12	103800000	104100000	-	196.363	100kb
PCa56413	chr16	6700000	8500000	+	chr16	34000000	34200000	-	78.1739	100kb
PCa56413	chr3	130000000	131100000	+	chr3	156800000	157200000	-	541.985	100kb
PCa56413	chr3	61200000	63600000	-	chr3	114300000	114600000	-	507.155	100kb
PCa56413	chr3	108900000	109300000	+	chr3	146700000	149300000	+	366.131	100kb
PCa56413	chr3	108600000	109400000	+	chr3	156700000	156800000	-	106.278	100kb
PCa56413	chr1	125100000	143700000	+	chr1	157200000	159400000	-	172.668	100kb
PCa56413	chr1	125100000	143700000	+	chr1	152300000	153400000	-	142.906	100kb
PCa56413	chr6	92700000	93300000	+	chr6	109100000	109400000	+	93.495	100kb
PCa56413	chr6	63900000	64300000	-	chr6	119900000	120900000	-	66.0804	100kb
PCa56413	chr19	36400000	37700000	+	chr19	43800000	44500000	+	110.547	100kb
PCa56413	chrY	13600000	15300000	+	chrY	15900000	17400000	-	162.927	100kb
PCa56413	chr2	7000000	8000000	+	chr2	46100000	46900000	-	611.687	100kb
PCa56413	chr10	83800000	84100000	+	chr10	91900000	92500000	-	100.166	100kb
PCa56413	chr11	54600000	55300000	+	chr11	87400000	88000000	+	71.61	100kb
PCa57054	chr12	118330000	118360000	+	chr21	41470000	41630000	-	148.863	10kb
PCa57054	chr14	87650000	87770000	-	chr3	52710000	52860000	-	156.566	10kb
PCa57054	chr13	29470000	29520000	+	chr3	52420000	52700000	+	281.39	10kb
PCa57054	chr21	16070000	16380000	-	chr7	44720000	44870000	-	893.966	10kb
PCa57054	chr21	41100000	41460000	+	chr7	44560000	44720000	+	1435.94	10kb
PCa57054	chr22	29290000	29370000	+	chr10	24550000	24580000	-	59.1762	10kb
PCa57054	chr5	56300000	58500000	+	chr22	40800000	41400000	+	1947.75	100kb
PCa57054	chr5	74600000	75500000	-	chr22	29300000	30600000	-	1529.3	100kb
PCa57054	chr5	34200000	35200000	+	chr10	92300000	92800000	-	685.13	100kb
PCa57054	chr16	74200000	74500000	-	chr1	117600000	118900000	+	402.045	100kb
PCa57054	chr16	23500000	24600000	-	chr10	91200000	91900000	-	698.902	100kb
PCa57054	chr14	86100000	87700000	+	chr13	24000000	24800000	-	1852.66	100kb
PCa57054	chr2	99500000	100500000	-	chr4	173200000	173600000	+	225.843	100kb
PCa57054	chr2	98900000	99500000	+	chr10	106500000	107200000	+	712.103	100kb
PCa57054	chr6	148700000	149500000	-	chr3	128000000	128500000	+	435.714	100kb
PCa57054	chr8	22000000	22400000	-	chr10	89500000	91000000	+	783.932	100kb
PCa57054	chr8	16700000	17400000	+	chr10	89000000	89600000	-	447.772	100kb
PCa57054	chr8	77000000	78400000	-	chrX	15200000	16700000	+	2568.52	100kb
PCa57054	chr8	73700000	74900000	+	chrX	13800000	15400000	-	1780.36	100kb
PCa57054	chr4	172900000	173300000	-	chr10	60700000	62100000	-	601.354	100kb
PCa57054	chr4	95100000	98100000	-	chr3	121200000	121500000	+	422.397	100kb
PCa57054	chr3	73500000	75300000	-	chrX	93000000	94400000	-	1787.34	100kb
PCa57054	chr12	125000000	133000000	-	chr21	10000000	28000000	+	138.148	1Mb
PCa57054	chr14	95000000	100000000	+	chr3	75000000	91000000	-	196.959	1Mb
PCa57054	chr13	94000000	101000000	-	chrY	19000000	21000000	+	143.43	1Mb
PCa57054	chr9	33000000	39000000	+	chr3	50000000	53000000	+	110.454	1Mb
PCa57054	chr13	21560000	21590000	+	chr13	94420000	94690000	-	99.4111	10kb
PCa57054	chrX	11120000	11360000	+	chrX	16700000	16750000	-	192.987	10kb
PCa57054	chr21	15800000	16100000	-	chr21	41500000	42100000	-	147.775	100kb
PCa57054	chrY	13500000	15300000	+	chrY	15900000	17400000	-	56.9348	100kb
PCa57054	chr10	81100000	81400000	+	chr10	87900000	88400000	-	53.6322	100kb
PCa57294	chr12	110990000	111170000	-	chr22	43140000	43190000	-	153.963	10kb
PCa57294	chr16	13760000	13800000	+	chr22	42890000	42980000	+	94.8416	10kb
PCa57294	chr12	124400000	125100000	-	chr16	27200000	28300000	+	2033.62	100kb
PCa57294	chr12	113300000	114700000	+	chr16	15100000	18000000	+	874.391	100kb
PCa57294	chr12	111200000	111800000	-	chr16	14000000	15100000	-	763.13	100kb
PCa57294	chr6	5400000	5500000	-	chr6	10450000	10490000	+	72.1447	10kb
PCa57294	chr11	54500000	55300000	+	chr11	87400000	88000000	-	63.4066	100kb
PCa57294	chr1	125100000	143700000	+	chr1	157300000	159900000	-	156.403	100kb
PCa57294	chr1	125100000	143700000	+	chr1	152100000	153500000	+	124.396	100kb
PCa57294	chrY	13500000	15300000	+	chrY	15900000	17400000	-	157.603	100kb
PCa58215	chr12	128100000	129400000	+	chr7	138200000	139200000	-	3390.94	100kb
PCa58215	chr12	108100000	108600000	-	chr7	113700000	116100000	-	1222.86	100kb
PCa58215	chr12	129400000	130400000	-	chr7	106500000	108000000	+	2575.17	100kb
PCa58215	chr4	26400000	27500000	+	chr3	77400000	79100000	-	2977.75	100kb
PCa58215	chr19	36300000	37800000	+	chr19	43800000	44500000	+	225.654	100kb
PCa58215	chr13	30100000	30600000	-	chr13	73700000	75300000	-	323.791	100kb
PCa58215	chr1	143500000	143700000	+	chr1	152400000	153400000	-	104.561	100kb
PCa58215	chrY	13500000	15300000	+	chrY	16000000	17400000	-	123.453	100kb
PCa58215	chr7	56200000	58100000	+	chr7	60900000	62400000	+	52.3704	100kb
PCa58215	chr12	106100000	106300000	+	chr12	130000000	130500000	+	72.4731	100kb
